0.45880502462387085,0.9587197303771973,-3.710462692652072e-08,0.47116732597351074,0.8867607116699219,0.016627797856926918,0.4544711112976074,0.8409088850021362,0.03197235241532326,0.4339682459831238,0.8341459631919861,0.04589494690299034,0.423451691865921,0.8544149398803711,0.0595678873360157,0.38846269249916077,0.83860182762146,0.03584777191281319,0.4001011252403259,0.8234496712684631,0.05658673867583275,0.41493237018585205,0.8322638273239136,0.0643065869808197,0.4252032935619354,0.8427621126174927,0.06708664447069168,0.37493717670440674,0.8776447176933289,0.034408941864967346,0.39078089594841003,0.8627210855484009,0.06129506975412369,0.40667271614074707,0.8670423626899719,0.06475170701742172,0.4185580313205719,0.8772472143173218,0.061931364238262177,0.3758479356765747,0.9174365997314453,0.03497029095888138,0.3881534934043884,0.8997743129730225,0.05460619926452637,0.40184417366981506,0.8968616724014282,0.05388656631112099,0.41508907079696655,0.9043654799461365,0.048970259726047516,0.38542044162750244,0.9502593874931335,0.03724122792482376,0.39172685146331787,0.9321179389953613,0.05228104442358017,0.4028185307979584,0.9272813200950623,0.0574776791036129,0.4132241904735565,0.9306762218475342,0.05908549204468727
0.4977962374687195,0.9096918106079102,-1.0040713505077292e-07,0.5007020235061646,0.8328360915184021,0.00632637832313776,0.47490984201431274,0.7986003160476685,0.013348989188671112,0.44985613226890564,0.8005133867263794,0.019686145707964897,0.4371192157268524,0.8230788111686707,0.025132514536380768,0.4100281894207001,0.7959508895874023,0.01717694289982319,0.4237513244152069,0.7988081574440002,0.023247305303812027,0.4381678104400635,0.8090392351150513,0.019204337149858475,0.4462818205356598,0.8207215070724487,0.014798838645219803,0.3990280032157898,0.8368524312973022,0.01596357487142086,0.40991565585136414,0.836492121219635,0.029515674337744713,0.42523831129074097,0.8422891497612,0.026796141639351845,0.43682152032852173,0.8519157767295837,0.021052531898021698,0.4010578691959381,0.8778765201568604,0.015667136758565903,0.41052407026290894,0.8735777735710144,0.02591700106859207,0.42446044087409973,0.8739275336265564,0.022393325343728065,0.43648719787597656,0.88065505027771,0.016634948551654816,0.40959689021110535,0.9129496216773987,0.01597077213227749,0.41831785440444946,0.9067739844322205,0.0227363184094429,0.43163442611694336,0.9064331650733948,0.024767499417066574,0.44234490394592285,0.9115601778030396,0.02538406103849411
0.4123941957950592,0.9379304647445679,-8.126154682486231e-08,0.420370489358902,0.8558098673820496,0.01844147779047489,0.4046415388584137,0.8146081566810608,0.036438632756471634,0.38406017422676086,0.8144294619560242,0.05363268405199051,0.3744678795337677,0.8384414315223694,0.07136303931474686,0.32149624824523926,0.8157429695129395,0.04397306218743324,0.34519487619400024,0.8007503151893616,0.06567901372909546,0.3633650541305542,0.8121314644813538,0.06630102545022964,0.3688114285469055,0.8272581100463867,0.06248980388045311,0.3149479925632477,0.8602553606033325,0.04340403154492378,0.3306918144226074,0.8387225866317749,0.07282319664955139,0.349500447511673,0.8439710140228271,0.06993508338928223,0.3601272702217102,0.8590953350067139,0.060779500752687454,0.3203582763671875,0.9010233283042908,0.04525690898299217,0.3296079635620117,0.8776479363441467,0.06781968474388123,0.34379667043685913,0.8777856826782227,0.06410017609596252,0.356486976146698,0.8879336714744568,0.055836357176303864,0.33103278279304504,0.9320346713066101,0.048936955630779266,0.33754485845565796,0.9104985594749451,0.06511379778385162,0.35065099596977234,0.9090960025787354,0.06904995441436768,0.36033618450164795,0.9136900305747986,0.06911458820104599
0.4643575847148895,0.9341068863868713,-1.5693588295562222e-07,0.46286115050315857,0.8590353727340698,0.0021995489951223135,0.43306124210357666,0.8219167590141296,0.005528917536139488,0.40191394090652466,0.8286998271942139,0.00892759021371603,0.38662371039390564,0.8606284260749817,0.011489231139421463,0.36121267080307007,0.8225783109664917,0.006399969570338726,0.379238098859787,0.8240835070610046,0.007997091859579086,0.39374613761901855,0.8343018293380737,0.0022022996563464403,0.40068742632865906,0.8442702889442444,-0.0034098669420927763,0.3447561264038086,0.8669894337654114,0.004853882826864719,0.3645950257778168,0.868121325969696,0.015123726800084114,0.3807385265827179,0.873882532119751,0.013868107460439205,0.3912928104400635,0.883230984210968,0.008994955569505692,0.34485989809036255,0.9135704636573792,0.004120579920709133,0.35913848876953125,0.9127984642982483,0.010613979771733284,0.37630367279052734,0.9132237434387207,0.009890466928482056,0.3894948661327362,0.919314444065094,0.00616792356595397,0.35397574305534363,0.9563391804695129,0.0035518095828592777,0.3631138205528259,0.9553212523460388,0.006121929734945297,0.3789803385734558,0.9535782337188721,0.009349633008241653,0.39045971632003784,0.9579372406005859,0.011532123200595379
0.4996417462825775,0.7841173410415649,-1.3872366366740607e-07,0.501823902130127,0.7119650840759277,0.015215456485748291,0.47481587529182434,0.6805673241615295,0.026748817414045334,0.44607898592948914,0.6838210821151733,0.036074962466955185,0.43016642332077026,0.7065760493278503,0.04376845061779022,0.4164891242980957,0.663931667804718,0.025597641244530678,0.4223577082157135,0.679144561290741,0.03660927340388298,0.43698978424072266,0.6920233964920044,0.036478690803050995,0.4484080970287323,0.7005922198295593,0.034691620618104935,0.39657169580459595,0.7013953924179077,0.021763596683740616,0.40628308057785034,0.715173602104187,0.042252317070961,0.42121422290802,0.7263069748878479,0.04321972653269768,0.4358762204647064,0.7340622544288635,0.039444420486688614,0.39185142517089844,0.7441510558128357,0.019571755081415176,0.40191850066185,0.7555807828903198,0.03517749160528183,0.4170003831386566,0.7623412609100342,0.03286353126168251,0.4313655495643616,0.7680132389068604,0.026926014572381973,0.3951745331287384,0.7857122421264648,0.018689827993512154,0.4042905271053314,0.7969150543212891,0.028913216665387154,0.4197871685028076,0.7998001575469971,0.03128223493695259,0.43250083923339844,0.802582323551178,0.031966064125299454
0.62137770652771,0.8225141763687134,-2.843078164005419e-07,0.6109485030174255,0.7466310262680054,0.021536823362112045,0.572643518447876,0.7087618708610535,0.03668363764882088,0.5368986129760742,0.6932291984558105,0.04760294035077095,0.5150587558746338,0.6946969628334045,0.05749982222914696,0.5283249616622925,0.6920467019081116,0.0343969464302063,0.5075153708457947,0.697309136390686,0.05002313852310181,0.5197778940200806,0.7103316783905029,0.05555419996380806,0.5345981121063232,0.7180169820785522,0.05788997933268547,0.5105806589126587,0.7264288663864136,0.028524061664938927,0.5032625198364258,0.7410311698913574,0.05027660354971886,0.5172919631004333,0.7520554661750793,0.05359150469303131,0.5329644680023193,0.7564977407455444,0.05196765437722206,0.5052371025085449,0.7679969072341919,0.024698827415704727,0.5037240982055664,0.7773820757865906,0.04355298727750778,0.5166036486625671,0.7833317518234253,0.04375511780381203,0.531448245048523,0.7874593138694763,0.0390852689743042,0.5065678954124451,0.8082625269889832,0.022483205422759056,0.5084837079048157,0.8116692900657654,0.037534262984991074,0.5221664905548096,0.816466748714447,0.04290437325835228,0.5350674390792847,0.8214133381843567,0.04521039500832558
0.4073723256587982,0.9041329026222229,-1.5769097672091448e-07,0.4103659391403198,0.8254772424697876,0.0064686681143939495,0.38764455914497375,0.7859507203102112,0.01167583279311657,0.3605617880821228,0.7905343174934387,0.016866542398929596,0.34837275743484497,0.819611668586731,0.02097238600254059,0.30880212783813477,0.7927074432373047,0.0055796378292143345,0.32798829674720764,0.787802517414093,0.010922842659056187,0.3465656638145447,0.7983613610267639,0.007987672463059425,0.35437992215156555,0.8111512064933777,0.003628184087574482,0.29660022258758545,0.8368176221847534,0.003545999526977539,0.3155604898929596,0.8288605213165283,0.017923647537827492,0.33265426754951477,0.8350851535797119,0.017418628558516502,0.34286442399024963,0.8478364944458008,0.011353555135428905,0.2995307147502899,0.8799988031387329,0.003466126276180148,0.31247687339782715,0.8699520826339722,0.01390303298830986,0.3278864622116089,0.8702341318130493,0.012609601020812988,0.3406010568141937,0.8796393275260925,0.006934555247426033,0.30925944447517395,0.9194869995117188,0.004182233940809965,0.3179105222225189,0.9102894067764282,0.009894599206745625,0.33246150612831116,0.9085243940353394,0.01314749475568533,0.34344372153282166,0.9141523241996765,0.014077803120017052
0.4921911060810089,0.7984355092048645,-1.6666477620219666e-07,0.4994511008262634,0.7262217998504639,0.0066914320923388,0.47370484471321106,0.6942203044891357,0.011148421093821526,0.444365918636322,0.6966020464897156,0.014877955429255962,0.42580553889274597,0.7190402150154114,0.017065739259123802,0.4106890857219696,0.6712794899940491,0.008106128312647343,0.4257614314556122,0.6881453990936279,0.01086488924920559,0.4397389888763428,0.7030885219573975,0.006433061324059963,0.4470691680908203,0.713779091835022,0.001893008011393249,0.39170172810554504,0.7091739177703857,0.0051877861842513084,0.4086277186870575,0.7229563593864441,0.016586320474743843,0.4235149621963501,0.735017716884613,0.015735728666186333,0.43401432037353516,0.745940625667572,0.01104629598557949,0.38734978437423706,0.7534978985786438,0.003602229757234454,0.40229085087776184,0.7614520788192749,0.011159633286297321,0.41745230555534363,0.7672488689422607,0.009222003631293774,0.4294824004173279,0.7757881283760071,0.004448447376489639,0.39138102531433105,0.796047031879425,0.0026503547560423613,0.4025058150291443,0.8010220527648926,0.006070862989872694,0.41818660497665405,0.803296685218811,0.00804231408983469,0.43024271726608276,0.8092397451400757,0.009110542014241219
0.6329928636550903,0.9378079771995544,-9.260794087140312e-08,0.6192305684089661,0.8647773861885071,0.012661639600992203,0.5834474563598633,0.8211398124694824,0.022282041609287262,0.5472930073738098,0.8185330629348755,0.030023643746972084,0.5280949473381042,0.8402439951896667,0.037144169211387634,0.5255016088485718,0.8205723166465759,0.02089197188615799,0.5088987350463867,0.8034036755561829,0.03547276183962822,0.5159923434257507,0.8042760491371155,0.04179547354578972,0.5232004523277283,0.8070354461669922,0.04423651471734047,0.5092292428016663,0.8598210215568542,0.018376097083091736,0.5118862390518188,0.8524968028068542,0.03902803733944893,0.52914959192276,0.8583245277404785,0.044038183987140656,0.5432513356208801,0.8644080758094788,0.04355468228459358,0.5085214972496033,0.9016480445861816,0.01770966127514839,0.5132363438606262,0.8936773538589478,0.0351564884185791,0.5288059115409851,0.8957033157348633,0.036682698875665665,0.5439000129699707,0.90134596824646,0.033190712332725525,0.5141295790672302,0.9412805438041687,0.01805506832897663,0.5177158117294312,0.9332801103591919,0.030923137441277504,0.5325136184692383,0.9321682453155518,0.03634120151400566,0.5461344122886658,0.9351675510406494,0.039187923073768616
0.4787478446960449,0.9959219694137573,-5.900285060533861e-08,0.4854748249053955,0.9368977546691895,-0.0029680333100259304,0.4633772671222687,0.8975429534912109,-7.207691669464111e-05,0.43587809801101685,0.8889244198799133,0.005041260737925768,0.4212280213832855,0.8995130658149719,0.01042069774121046,0.4012553095817566,0.9044278264045715,-0.002443464007228613,0.4085882008075714,0.8795107007026672,0.002607602160423994,0.41870036721229553,0.8819423317909241,0.0038214977830648422,0.42414620518684387,0.8902676105499268,0.003011629218235612,0.38590508699417114,0.9374186992645264,0.0009487873176112771,0.3975333273410797,0.917493462562561,0.008114639669656754,0.41139307618141174,0.920071542263031,0.009590215981006622,0.42008867859840393,0.9306979775428772,0.00833071954548359,0.38390204310417175,0.9703051447868347,0.0052598509937524796,0.3912535607814789,0.952585756778717,0.010073021985590458,0.4035969376564026,0.9537950158119202,0.010863295756280422,0.41327741742134094,0.963676393032074,0.009456435218453407,0.38908901810646057,1.00022292137146,0.009682576172053814,0.39243295788764954,0.986482560634613,0.012873658910393715,0.4028257131576538,0.9860239028930664,0.01573856920003891,0.41098693013191223,0.992436408996582,0.017619187012314796
0.49369049072265625,0.693067729473114,-3.644111359335511e-07,0.5088133811950684,0.6013657450675964,0.007806324400007725,0.4850199520587921,0.540854811668396,0.011337663047015667,0.45113182067871094,0.5175207853317261,0.012065201066434383,0.4250888228416443,0.5263998508453369,0.012075458653271198,0.41289767622947693,0.5040664672851562,0.00333195086568594,0.3901057839393616,0.489937961101532,0.002715848386287689,0.40970101952552795,0.504875123500824,-0.0003874348767567426,0.4291728734970093,0.5213544368743896,-0.0019592030439525843,0.3866191804409027,0.5439876914024353,-0.0016668931348249316,0.3846670687198639,0.5441691875457764,0.007956638932228088,0.40469440817832947,0.5580965280532837,0.00896249245852232,0.42105984687805176,0.5682659149169922,0.005810752976685762,0.3753274083137512,0.5950906276702881,-0.005408796016126871,0.38404664397239685,0.5962439179420471,0.003555838717147708,0.4028031527996063,0.6044042706489563,0.004143779631704092,0.41819119453430176,0.6135343909263611,0.00034072104608640075,0.3695549964904785,0.6443510055541992,-0.00880077388137579,0.3816392123699188,0.6398751139640808,0.00084703165339306,0.3991353511810303,0.6455560922622681,0.00783509761095047,0.41224485635757446,0.6537944078445435,0.01159275695681572
0.3433889150619507,0.8696685433387756,-3.227400213745568e-07,0.37655073404312134,0.9005889296531677,0.03999972715973854,0.40770211815834045,0.8812389969825745,0.06659241765737534,0.4192769527435303,0.847083568572998,0.08612436801195145,0.4171275496482849,0.818347156047821,0.10374510288238525,0.44539880752563477,0.8499720692634583,0.0669177994132042,0.4347299337387085,0.8286119103431702,0.09649383276700974,0.41282519698143005,0.8287704586982727,0.10817965865135193,0.40052828192710876,0.8376681804656982,0.11377181112766266,0.4441013038158417,0.812920331954956,0.054907020181417465,0.4322977066040039,0.7948919534683228,0.08783133327960968,0.41037485003471375,0.7995046973228455,0.09406714141368866,0.3990342319011688,0.8116478323936462,0.09403342753648758,0.4306483864784241,0.7788415551185608,0.0458647683262825,0.4248429238796234,0.7602061629295349,0.07163657993078232,0.40646523237228394,0.7675756216049194,0.07457687705755234,0.3954898416996002,0.7802369594573975,0.07137671858072281,0.4092017114162445,0.745323121547699,0.04014253616333008,0.4106145203113556,0.7162731885910034,0.060717079788446426,0.40864548087120056,0.7060560584068298,0.0692424401640892,0.4080541431903839,0.7020304799079895,0.07247161120176315
0.2612769305706024,0.8575790524482727,-3.587796868487203e-07,0.25477051734924316,0.7916330099105835,0.025355393067002296,0.280214786529541,0.7571646571159363,0.043025217950344086,0.308417946100235,0.7510845065116882,0.056423407047986984,0.32663241028785706,0.756686806678772,0.06915666908025742,0.33243778347969055,0.7298520803451538,0.04691227525472641,0.32991519570350647,0.7362775206565857,0.06651599705219269,0.31638669967651367,0.7501537203788757,0.07177127152681351,0.30685949325561523,0.7577954530715942,0.07286909967660904,0.3535945415496826,0.7613317966461182,0.03916463255882263,0.34610715508461,0.7735932469367981,0.06500712782144547,0.32947054505348206,0.7854134440422058,0.06744854897260666,0.31708431243896484,0.79421466588974,0.06485208123922348,0.36116740107536316,0.7979826927185059,0.03329233080148697,0.35102713108062744,0.808771550655365,0.053067177534103394,0.33537647128105164,0.8162984848022461,0.0534677729010582,0.32354626059532166,0.8258948922157288,0.04914813116192818,0.36204564571380615,0.8381664752960205,0.02925616130232811,0.3543011248111725,0.8435067534446716,0.046061061322689056,0.3402388095855713,0.8478889465332031,0.05291623994708061,0.32856836915016174,0.8520984649658203,0.05557902529835701
0.3953762650489807,0.928650975227356,-4.532425066372525e-07,0.39814436435699463,0.8458943367004395,0.009160116314888,0.4268316328525543,0.8026430010795593,0.018062612041831017,0.4564533531665802,0.7817200422286987,0.025091391056776047,0.4690853953361511,0.7657661437988281,0.03191055729985237,0.4825824797153473,0.8059923052787781,0.023501774296164513,0.48425230383872986,0.7851859927177429,0.03491310030221939,0.4671419858932495,0.7832293510437012,0.037133436650037766,0.4538843631744385,0.7886772751808167,0.03787974640727043,0.49915826320648193,0.8449985980987549,0.021523600444197655,0.4934309124946594,0.8259193897247314,0.03939385712146759,0.47602617740631104,0.823318600654602,0.03906504809856415,0.4629611372947693,0.8292502760887146,0.03486279398202896,0.5017635822296143,0.8854668140411377,0.020802846178412437,0.4960121214389801,0.8645977973937988,0.03406860679388046,0.4809119701385498,0.8645111322402954,0.03213890269398689,0.46740540862083435,0.8725792765617371,0.026992717757821083,0.4975508749485016,0.9195014238357544,0.020991932600736618,0.4923097491264343,0.9037122130393982,0.03320180997252464,0.47995123267173767,0.902401328086853,0.03907066211104393,0.4681725800037384,0.907436192035675,0.04168606176972389
0.3237091898918152,0.9190453290939331,-3.3324121773148363e-07,0.3104810118675232,0.8451923131942749,0.010068914853036404,0.3271382749080658,0.7760495543479919,0.02152097038924694,0.35160529613494873,0.7495943903923035,0.03276071697473526,0.3694950342178345,0.7605050206184387,0.04348577558994293,0.3810853958129883,0.7536632418632507,0.011059503071010113,0.3878687024116516,0.700445830821991,0.021290821954607964,0.3914269804954529,0.6684021353721619,0.026067545637488365,0.39729711413383484,0.6447740793228149,0.02704186737537384,0.4089796245098114,0.782742977142334,0.009615401737391949,0.39696237444877625,0.7551171183586121,0.02300299145281315,0.38016802072525024,0.767488956451416,0.028598211705684662,0.37318891286849976,0.7836066484451294,0.030177123844623566,0.42284291982650757,0.8174489736557007,0.00977136380970478,0.4065157473087311,0.7918044328689575,0.019826209172606468,0.3922866880893707,0.7989813089370728,0.02073473110795021,0.3844771087169647,0.8139140009880066,0.018612701445817947,0.42903274297714233,0.8473062515258789,0.01074845902621746,0.41872498393058777,0.822015643119812,0.018350662663578987,0.4076710045337677,0.8285666704177856,0.02142048254609108,0.3994247317314148,0.8450654149055481,0.022749800235033035
0.309370219707489,0.8933523297309875,-3.0334589951053204e-07,0.2981126308441162,0.825678825378418,0.0017854435136541724,0.31684955954551697,0.7879182696342468,0.0057963114231824875,0.34413057565689087,0.7828966379165649,0.010372516699135303,0.3591914176940918,0.7937937378883362,0.014935821294784546,0.38405513763427734,0.7830585241317749,0.006042318884283304,0.37035906314849854,0.7678066492080688,0.013599708676338196,0.3572930693626404,0.7726988196372986,0.01486865896731615,0.3501027226448059,0.7830731868743896,0.013934251852333546,0.39969533681869507,0.8188908100128174,0.005819931626319885,0.38475969433784485,0.807081937789917,0.017894579097628593,0.36968255043029785,0.8113316893577576,0.019304800778627396,0.3599220812320709,0.8227232098579407,0.017057565972208977,0.4013470411300659,0.856286883354187,0.006496360991150141,0.38952866196632385,0.8475286364555359,0.013786534778773785,0.3759073317050934,0.8476409912109375,0.013077924959361553,0.3653229773044586,0.8563140630722046,0.00991317629814148,0.3971273899078369,0.8906424641609192,0.007254618685692549,0.38922178745269775,0.8846322894096375,0.011873090639710426,0.3775757849216461,0.8841598033905029,0.01363825798034668,0.3681868016719818,0.8884321451187134,0.014190415851771832
0.42435991764068604,0.8342114090919495,-2.2974394653374475e-07,0.40642932057380676,0.7762415409088135,0.005520636215806007,0.4157294034957886,0.736096978187561,0.014918533153831959,0.4368305206298828,0.7300665378570557,0.024865781888365746,0.4516051411628723,0.7421663403511047,0.034862685948610306,0.4828532040119171,0.7246826887130737,0.02097361534833908,0.47921812534332275,0.7080146074295044,0.03995976597070694,0.4690936803817749,0.7027531862258911,0.047668468207120895,0.4604577124118805,0.7037410736083984,0.05047120898962021,0.501069188117981,0.7619627714157104,0.023641137406229973,0.49175629019737244,0.7483221888542175,0.04733522608876228,0.47692471742630005,0.7490816116333008,0.051562756299972534,0.46703067421913147,0.7564471364021301,0.05018741264939308,0.5033078193664551,0.7996995449066162,0.027555929496884346,0.4970247447490692,0.7886747121810913,0.0447956807911396,0.4841635227203369,0.7858412861824036,0.04433681443333626,0.4744238257408142,0.7927975654602051,0.040126364678144455,0.5000836253166199,0.8354141116142273,0.032192472368478775,0.49476200342178345,0.8220536112785339,0.04434996843338013,0.48273321986198425,0.8190847635269165,0.04821072518825531,0.47282254695892334,0.8235172629356384,0.04927864298224449
0.23883919417858124,0.8210920095443726,-2.9302577786438633e-07,0.22395330667495728,0.7571161985397339,0.009298209100961685,0.24110297858715057,0.7191570997238159,0.019878212362527847,0.2656383514404297,0.7223380208015442,0.029825616627931595,0.27898743748664856,0.7401970028877258,0.03880297765135765,0.3133833110332489,0.7142645120620728,0.026662707328796387,0.2961234450340271,0.7233074307441711,0.043410491198301315,0.2805708050727844,0.7315733432769775,0.04497222974896431,0.2724766433238983,0.7369515895843506,0.04263007268309593,0.3287750482559204,0.7562592029571533,0.02561734989285469,0.3119543194770813,0.7585121989250183,0.04982095584273338,0.2972116470336914,0.7620342969894409,0.050370633602142334,0.28775525093078613,0.7703657746315002,0.04511995613574982,0.3288789391517639,0.79477858543396,0.025801243260502815,0.31395289301872253,0.7949142456054688,0.04459608346223831,0.30132555961608887,0.793141782283783,0.04115810990333557,0.29348093271255493,0.7985920310020447,0.033428192138671875,0.3216606676578522,0.8291293382644653,0.02658926695585251,0.3079433739185333,0.8281365036964417,0.04040581360459328,0.2953513264656067,0.8249192833900452,0.043291445821523666,0.28626683354377747,0.8254747986793518,0.042686063796281815
0.22458510100841522,0.7944346070289612,-2.83037309145584e-07,0.24414148926734924,0.7421071529388428,0.02411525696516037,0.27586838603019714,0.7329317331314087,0.03443716838955879,0.2972985804080963,0.750716507434845,0.03966844454407692,0.30428484082221985,0.7769768834114075,0.04393872991204262,0.31097742915153503,0.7245762348175049,0.03249148651957512,0.31100186705589294,0.7503345012664795,0.04248952865600586,0.2967708110809326,0.7614818215370178,0.04361666738986969,0.28609099984169006,0.7621464133262634,0.04204719141125679,0.32628685235977173,0.7584275603294373,0.021052775904536247,0.3202650249004364,0.7820133566856384,0.03709302470088005,0.30415940284729004,0.7891604900360107,0.03776782006025314,0.29306623339653015,0.7888545393943787,0.03425952419638634,0.32923978567123413,0.7947210669517517,0.011467109434306622,0.31898608803749084,0.8162087798118591,0.025173716247081757,0.3011171519756317,0.8185258507728577,0.025941941887140274,0.28904783725738525,0.8155437707901001,0.02181876264512539,0.3248923718929291,0.8331769704818726,0.003329537808895111,0.3111019432544708,0.8519702553749084,0.016076931729912758,0.2946779727935791,0.8517787456512451,0.021074872463941574,0.2833564579486847,0.8449245095252991,0.022120386362075806
0.38056835532188416,0.7968953847885132,-2.809753425481176e-07,0.3771454989910126,0.7376394271850586,0.009568755514919758,0.39679938554763794,0.7083433270454407,0.02000037394464016,0.4237448573112488,0.7176328301429749,0.028692346066236496,0.4359601140022278,0.7424019575119019,0.03698389604687691,0.4469398856163025,0.7142642736434937,0.03238831087946892,0.4443206489086151,0.7292596101760864,0.04510236158967018,0.43116140365600586,0.7344746589660645,0.04540971666574478,0.4210481643676758,0.7344405651092529,0.04323660582304001,0.4612449109554291,0.7512320280075073,0.030535997822880745,0.4553508162498474,0.7586511373519897,0.04653745889663696,0.44189032912254333,0.761631190776825,0.0429801270365715,0.4299074709415436,0.7646510004997253,0.037623003125190735,0.46398788690567017,0.7843606472015381,0.02921244315803051,0.45743709802627563,0.7896497845649719,0.040857765823602676,0.44510430097579956,0.7899419665336609,0.037715330719947815,0.4350641369819641,0.7938192486763,0.03306000307202339,0.4616345465183258,0.818459689617157,0.028569575399160385,0.45551371574401855,0.8194338083267212,0.03920220583677292,0.44376447796821594,0.8191350102424622,0.04319392144680023,0.4350421130657196,0.8197931051254272,0.04482465609908104
0.1938856840133667,0.8307860493659973,-4.3923358816755353e-07,0.19186070561408997,0.7630212903022766,0.006713176146149635,0.21722017228603363,0.7320168018341064,0.007953675463795662,0.24728652834892273,0.7283393144607544,0.007232144940644503,0.26523977518081665,0.7424580454826355,0.006678324658423662,0.26939624547958374,0.7043425440788269,0.007214406970888376,0.2736833691596985,0.7159977555274963,0.009708818048238754,0.25825023651123047,0.7331457734107971,0.00853689108043909,0.24499277770519257,0.7431772947311401,0.006558734457939863,0.2873995304107666,0.7382456064224243,0.0016371241072192788,0.2871781885623932,0.7511848211288452,0.010406754910945892,0.27112022042274475,0.76201993227005,0.010237582959234715,0.2580738961696625,0.7688007950782776,0.0067829350009560585,0.29498881101608276,0.7773421406745911,-0.0028032248374074697,0.28925150632858276,0.7862106561660767,0.004647525958716869,0.2739802300930023,0.7939209342002869,0.005232971161603928,0.26071134209632874,0.7976487278938293,0.002099387813359499,0.29554641246795654,0.812699556350708,-0.007162944413721561,0.28850188851356506,0.8218016028404236,0.0008679145248606801,0.27478572726249695,0.827232837677002,0.0062502846121788025,0.2627388834953308,0.8283703327178955,0.008671319112181664
0.30795663595199585,0.7012560367584229,-2.9587431527033914e-07,0.29178041219711304,0.6373087167739868,0.003119224216789007,0.3101305663585663,0.6000959277153015,0.0063524069264531136,0.340032696723938,0.6032591462135315,0.009286654181778431,0.35750657320022583,0.625176191329956,0.012309287674725056,0.3670266568660736,0.5806995630264282,0.009124331176280975,0.36384570598602295,0.5958795547485352,0.011898139491677284,0.3512832224369049,0.6137990355491638,0.009224888868629932,0.34165507555007935,0.6240965127944946,0.006030775606632233,0.38957351446151733,0.6127310991287231,0.007084240671247244,0.3828543424606323,0.6263216137886047,0.016192592680454254,0.36862602829933167,0.6393205523490906,0.0153737748041749,0.35866910219192505,0.649071991443634,0.01196052972227335,0.39968204498291016,0.6493213772773743,0.005420188885182142,0.3896586298942566,0.6591107249259949,0.011050943285226822,0.3753450810909271,0.6676419973373413,0.01049151923507452,0.365371435880661,0.6758038997650146,0.007785918656736612,0.4033375084400177,0.6867077946662903,0.003758208127692342,0.39258402585983276,0.6928686499595642,0.008633180521428585,0.3794567584991455,0.6985748410224915,0.011764753609895706,0.3706488311290741,0.7029336094856262,0.01337879803031683
0.3017808496952057,0.9693186283111572,-2.9269983770063845e-07,0.2942744493484497,0.9080284833908081,0.003403846174478531,0.3154342770576477,0.8759902119636536,0.015923229977488518,0.33733877539634705,0.8804303407669067,0.030095301568508148,0.34789252281188965,0.8937586545944214,0.044334910809993744,0.3823952376842499,0.8902468085289001,0.019971320405602455,0.3705865740776062,0.8683883547782898,0.03661087900400162,0.3579709231853485,0.8592480421066284,0.04155832156538963,0.35003647208213806,0.8597201108932495,0.04295075684785843,0.39426112174987793,0.9300528168678284,0.024131203070282936,0.38100582361221313,0.912423849105835,0.04780517518520355,0.367121160030365,0.9065463542938232,0.05168076977133751,0.3562365174293518,0.9098238945007324,0.050250180065631866,0.39122626185417175,0.9641668200492859,0.028775367885828018,0.37893956899642944,0.9493434429168701,0.04567538574337959,0.36769476532936096,0.9428547024726868,0.04199526458978653,0.3588622808456421,0.9456447958946228,0.03576882928609848,0.3821026086807251,0.9919028282165527,0.03375528007745743,0.37292391061782837,0.9792450070381165,0.04453090578317642,0.36348217725753784,0.9732786417007446,0.04487013816833496,0.3540601134300232,0.9730327129364014,0.043641574680805206
0.1637091338634491,0.9435388445854187,-3.484944386400457e-07,0.1796298325061798,0.9410735368728638,0.045887239277362823,0.21649232506752014,0.9220016002655029,0.079552061855793,0.24078789353370667,0.9037291407585144,0.10546605288982391,0.25197312235832214,0.8884540796279907,0.12964248657226562,0.2683729827404022,0.9162735939025879,0.08383259922266006,0.2651306986808777,0.9034823775291443,0.12254957854747772,0.24545711278915405,0.8964183330535889,0.13789887726306915,0.23256364464759827,0.896454930305481,0.14521846175193787,0.27722129225730896,0.9089409112930298,0.07281916588544846,0.271157443523407,0.8936293125152588,0.11712894588708878,0.25170958042144775,0.8872379064559937,0.1261632740497589,0.23589082062244415,0.8917990922927856,0.12711413204669952,0.2735193967819214,0.8981161117553711,0.06477050483226776,0.26605552434921265,0.8860868811607361,0.10260690003633499,0.24919980764389038,0.8830660581588745,0.10626987367868423,0.23525339365005493,0.8885622024536133,0.10159653425216675,0.262986958026886,0.8848827481269836,0.05984262749552727,0.2596222758293152,0.8653364777565002,0.09125574678182602,0.25061875581741333,0.8614542484283447,0.10142746567726135,0.24407035112380981,0.8620400428771973,0.10416043549776077
0.09564477950334549,0.8991493582725525,-1.0517093329553973e-07,0.10295098274946213,0.8324062824249268,0.03148157522082329,0.1369185745716095,0.8044530749320984,0.0580381415784359,0.16265524923801422,0.807202935218811,0.08041170239448547,0.17896921932697296,0.8161736726760864,0.10330841690301895,0.18946430087089539,0.7948942184448242,0.06487376987934113,0.20789282023906708,0.77803635597229,0.10094501078128815,0.2147146463394165,0.7727590799331665,0.12357807159423828,0.21916702389717102,0.7715862989425659,0.13772524893283844,0.20089969038963318,0.8371030688285828,0.06130259484052658,0.21639326214790344,0.8221367001533508,0.1022741049528122,0.20816439390182495,0.8173116445541382,0.12315438687801361,0.19696924090385437,0.8161939382553101,0.1364767849445343,0.20048107206821442,0.8760101199150085,0.0588705874979496,0.2080109417438507,0.861092209815979,0.09287772327661514,0.19615276157855988,0.8532888293266296,0.10526570677757263,0.18431241810321808,0.8557130098342896,0.11072954535484314,0.19556842744350433,0.9125159382820129,0.05828005447983742,0.19507567584514618,0.8961095809936523,0.08488555997610092,0.18539981544017792,0.8893000483512878,0.09537410736083984,0.1744338423013687,0.8895530700683594,0.10185626894235611
0.04589013755321503,0.905387818813324,-1.5198624225831736e-07,0.05447639897465706,0.8427909016609192,0.04057643935084343,0.08317679166793823,0.8112065196037292,0.07366959005594254,0.10295096039772034,0.8062440752983093,0.10311181843280792,0.11708736419677734,0.8036463856697083,0.13528548181056976,0.12679383158683777,0.796341061592102,0.06474686414003372,0.1503605842590332,0.7746676206588745,0.10316464304924011,0.15929147601127625,0.7673848271369934,0.13430441915988922,0.16333845257759094,0.7636495232582092,0.1568031758069992,0.13742466270923615,0.8321594595909119,0.06274237483739853,0.16375748813152313,0.8094820976257324,0.10306688398122787,0.1602967530488968,0.806527853012085,0.13660834729671478,0.15251043438911438,0.8055217266082764,0.16250987350940704,0.14105787873268127,0.8674283027648926,0.06284967809915543,0.15738588571548462,0.8490965962409973,0.09956274926662445,0.14593645930290222,0.8432776927947998,0.12675198912620544,0.1361263394355774,0.8436903953552246,0.14565235376358032,0.1403646171092987,0.8993670344352722,0.06561195850372314,0.15101836621761322,0.8785605430603027,0.09784141927957535,0.14196793735027313,0.8690970540046692,0.11872832477092743,0.13182759284973145,0.8698326349258423,0.13500095903873444
0.379660964012146,0.9318835139274597,-3.224991189654247e-07,0.38295552134513855,0.8599395155906677,0.01206727884709835,0.41029712557792664,0.8289943933486938,0.02590995654463768,0.4344436526298523,0.8374984860420227,0.03879402205348015,0.4436544179916382,0.8577108383178711,0.05104609951376915,0.4789777994155884,0.848010778427124,0.0320177860558033,0.459904283285141,0.849306046962738,0.05008474364876747,0.44408366084098816,0.8532475233078003,0.052902691066265106,0.4346221685409546,0.8576513528823853,0.05207878351211548,0.4858580231666565,0.8941358327865601,0.031002841889858246,0.46883252263069153,0.8873041868209839,0.05505460873246193,0.4534284472465515,0.8875052332878113,0.05624086409807205,0.44104695320129395,0.8939709663391113,0.05244888365268707,0.4782932698726654,0.9319283962249756,0.03128054365515709,0.4656057357788086,0.9259164929389954,0.04995066300034523,0.45303088426589966,0.9213351607322693,0.0481262244284153,0.4427797496318817,0.9255608320236206,0.04235771670937538,0.465003103017807,0.9646216034889221,0.03242223709821701,0.45559003949165344,0.9585597515106201,0.04664728790521622,0.443647563457489,0.9526275992393494,0.05087875947356224,0.43429329991340637,0.9517570734024048,0.05181313678622246
0.606202244758606,0.9346286654472351,-9.74623048932699e-08,0.6135128736495972,0.8629688620567322,0.009271849878132343,0.5889204144477844,0.8104074597358704,0.01749812252819538,0.557224452495575,0.7885053157806396,0.024988099932670593,0.536256730556488,0.7912961840629578,0.03237206116318703,0.5331296324729919,0.7871371507644653,0.015849895775318146,0.527250349521637,0.7676538825035095,0.02683345228433609,0.5375533103942871,0.7763069868087769,0.03030621074140072,0.5454121828079224,0.7876784801483154,0.03116011433303356,0.5105628967285156,0.8176287412643433,0.014319960959255695,0.5113308429718018,0.802902340888977,0.030213672667741776,0.5247170925140381,0.810326337814331,0.03269162401556969,0.5357421636581421,0.8220107555389404,0.031187934800982475,0.4990520775318146,0.8550458550453186,0.01446934137493372,0.4980469346046448,0.8369737863540649,0.02736169844865799,0.5118874311447144,0.8392753005027771,0.029126077890396118,0.524469792842865,0.8502341508865356,0.026855485513806343,0.49560093879699707,0.8935175538063049,0.015653375536203384,0.4907849431037903,0.875321626663208,0.024584785103797913,0.5028396248817444,0.8732734322547913,0.030489949509501457,0.5144374966621399,0.8798050880432129,0.03435921669006348
0.653609037399292,0.8435060977935791,-1.6654138335070456e-07,0.6606556177139282,0.7799776792526245,0.019984401762485504,0.6376329064369202,0.7405767440795898,0.033425893634557724,0.6098517775535583,0.7278584241867065,0.043374203145504,0.5917824506759644,0.7359282970428467,0.05183323472738266,0.6000427603721619,0.7048301696777344,0.031155597418546677,0.585340678691864,0.7063389420509338,0.04634943604469299,0.5927077531814575,0.7243490219116211,0.051559869199991226,0.6022958159446716,0.7355942130088806,0.05319589376449585,0.5751949548721313,0.729319155216217,0.02604512870311737,0.572984516620636,0.7432045936584473,0.04712561517953873,0.5848336219787598,0.7609674334526062,0.049973729997873306,0.5979506969451904,0.7708645462989807,0.04822864010930061,0.561591625213623,0.7652546167373657,0.023067235946655273,0.5645886063575745,0.7758442759513855,0.040029555559158325,0.5765416622161865,0.7891490459442139,0.03962013125419617,0.5892661809921265,0.7986626029014587,0.0352160707116127,0.5548076629638672,0.8038144111633301,0.021784687414765358,0.5571449995040894,0.8114745020866394,0.03413110598921776,0.5700586438179016,0.8218410611152649,0.03844500333070755,0.5820499658584595,0.8302014470100403,0.04065430909395218
0.5916237235069275,0.8817777037620544,1.815913641678435e-08,0.6124104261398315,0.816993772983551,0.0036755609326064587,0.6005717515945435,0.7637141346931458,0.008327295072376728,0.5728899240493774,0.7499985694885254,0.01333992276340723,0.5522230267524719,0.7669315934181213,0.01738470420241356,0.5431761741638184,0.7310189604759216,0.006900157779455185,0.5537060499191284,0.7122794985771179,0.015651416033506393,0.5607805252075195,0.7094030380249023,0.0168643519282341,0.5645038485527039,0.7087422609329224,0.01522846333682537,0.5164145231246948,0.7589994072914124,0.006602630019187927,0.5308575630187988,0.745811939239502,0.019819216802716255,0.5430628061294556,0.7494753003120422,0.02052486315369606,0.5497807264328003,0.7577229142189026,0.017222531139850616,0.5039125680923462,0.7949720621109009,0.007972732186317444,0.5131457448005676,0.7804099917411804,0.017448898404836655,0.5276240110397339,0.7829850912094116,0.017110100015997887,0.5379819273948669,0.7932958006858826,0.013496056199073792,0.49952274560928345,0.8314450979232788,0.009980296716094017,0.5032422542572021,0.8166543245315552,0.01532663032412529,0.5166766047477722,0.8172115087509155,0.019401369616389275,0.5266863703727722,0.8249340653419495,0.021763205528259277
0.7277159690856934,0.9293312430381775,-1.5369071348914076e-08,0.7199882864952087,0.8435693979263306,0.020789045840501785,0.6870982050895691,0.7989122867584229,0.03975123167037964,0.6556703448295593,0.796056866645813,0.05727845057845116,0.6388809680938721,0.8142076730728149,0.07456816732883453,0.6361263990402222,0.7994176745414734,0.037781208753585815,0.6176758408546448,0.77762770652771,0.06964857876300812,0.6146574020385742,0.7725644111633301,0.08833830803632736,0.6126188039779663,0.7740782499313354,0.09780909866094589,0.618815541267395,0.8365237712860107,0.03763506934046745,0.6194432377815247,0.8101876378059387,0.07374032586812973,0.6326113343238831,0.8090998530387878,0.08474594354629517,0.64199298620224,0.8159098625183105,0.08694177120923996,0.6172816753387451,0.8736392259597778,0.04071715474128723,0.6171256899833679,0.8471354842185974,0.07206111401319504,0.6304906606674194,0.8428412079811096,0.0765049085021019,0.6416774988174438,0.8483870029449463,0.07266392558813095,0.6230137944221497,0.9050253629684448,0.045505207031965256,0.6186011433601379,0.8798789978027344,0.0697028860449791,0.6308088898658752,0.872154712677002,0.07833840698003769,0.6429303884506226,0.8754914402961731,0.08126731216907501
0.8109914064407349,0.9078960418701172,-1.2403152993556432e-07,0.8052544593811035,0.8294882774353027,0.022462433204054832,0.7736875414848328,0.785194456577301,0.04325135797262192,0.7452498078346252,0.7795296907424927,0.062028273940086365,0.7292274236679077,0.79557204246521,0.08008141070604324,0.7215932607650757,0.7841024398803711,0.04109501093626022,0.7023456692695618,0.7573191523551941,0.07153312861919403,0.6985814571380615,0.749975323677063,0.08735737949609756,0.6973280906677246,0.7486422061920166,0.09487942606210709,0.7056270241737366,0.8191698789596558,0.040693555027246475,0.7114186882972717,0.7984897494316101,0.0753047913312912,0.7287856936454773,0.8031888008117676,0.08262825012207031,0.7405664920806885,0.8121944665908813,0.08211713284254074,0.7061467170715332,0.8541433215141296,0.04346410185098648,0.7102426886558533,0.8320603966712952,0.0733552798628807,0.7268829941749573,0.8337690830230713,0.07401340454816818,0.7391364574432373,0.8421311378479004,0.06764521449804306,0.7114931344985962,0.8848145604133606,0.048311613500118256,0.7122602462768555,0.8659188151359558,0.07243518531322479,0.726094126701355,0.8645955920219421,0.07901593297719955,0.7379904389381409,0.8698939085006714,0.08010480552911758
0.7846583127975464,0.7886915802955627,-8.43511926973406e-08,0.7898588180541992,0.7104060649871826,0.012944996356964111,0.759850263595581,0.6655042171478271,0.022089922800660133,0.7276521325111389,0.6521775722503662,0.02826584316790104,0.7059428095817566,0.6592695713043213,0.03409682959318161,0.7122879028320312,0.6362628936767578,0.024507788941264153,0.6938230395317078,0.6290357112884521,0.03454827889800072,0.703070878982544,0.6394004821777344,0.03605901077389717,0.712781548500061,0.6508451104164124,0.035762958228588104,0.6929970979690552,0.6675543189048767,0.02112928405404091,0.6894189715385437,0.6637570858001709,0.036460913717746735,0.7032251954078674,0.6708261370658875,0.036849718540906906,0.7148547172546387,0.6798374056816101,0.03388865664601326,0.6848855018615723,0.7047110795974731,0.019000956788659096,0.6871237754821777,0.6955126523971558,0.032700903713703156,0.6995177865028381,0.6986825466156006,0.03234260156750679,0.7112905383110046,0.708417534828186,0.028472820296883583,0.6827581524848938,0.739477276802063,0.01765735261142254,0.6866276860237122,0.7280266880989075,0.02892421744763851,0.6983242630958557,0.7300317883491516,0.03333462029695511,0.7093043327331543,0.738118588924408,0.0355965755879879
0.7149121165275574,0.7217456698417664,-2.4481659011144075e-07,0.7089605331420898,0.6497920155525208,-0.0022952111903578043,0.6758521199226379,0.6161367893218994,-0.004452969413250685,0.6436116695404053,0.6193348169326782,-0.007190338801592588,0.6225830316543579,0.6397858262062073,-0.010435616597533226,0.6396710276603699,0.5854668021202087,-0.0020136828534305096,0.626345694065094,0.6135594844818115,-0.011560485698282719,0.6398873329162598,0.6297919154167175,-0.022705134004354477,0.6545090079307556,0.6352143287658691,-0.030072307214140892,0.6184357404708862,0.6138248443603516,-0.004649527370929718,0.6137881278991699,0.6418533325195312,-0.0072917090728878975,0.62828129529953,0.6562587022781372,-0.011667491868138313,0.6434467434883118,0.6589829325675964,-0.015745550394058228,0.6073923110961914,0.6535882353782654,-0.007714533247053623,0.6088801026344299,0.6767305135726929,-0.010738937184214592,0.6247286200523376,0.6849920749664307,-0.012418070808053017,0.6394712924957275,0.6836880445480347,-0.014471177011728287,0.6014652848243713,0.6943330764770508,-0.011371876113116741,0.6115963459014893,0.7121427059173584,-0.014423271641135216,0.6286896467208862,0.7192198038101196,-0.013225155882537365,0.6413042545318604,0.7207692861557007,-0.011259835213422775
0.5067178010940552,0.6904003620147705,-1.163610434673501e-07,0.5200489163398743,0.6246623396873474,0.0005066855228506029,0.49786174297332764,0.5951371192932129,0.0019709530752152205,0.4708356559276581,0.5982004404067993,0.0032455127220600843,0.4518345594406128,0.6198559999465942,0.0030269362032413483,0.4447159469127655,0.5694985389709473,0.0036650041583925486,0.45734795928001404,0.5896930694580078,0.001965578878298402,0.4688667356967926,0.6067140698432922,-0.005093206651508808,0.47523626685142517,0.617104172706604,-0.01120025385171175,0.4223504364490509,0.605286180973053,0.0018622088246047497,0.4344032108783722,0.6232761144638062,0.006388540845364332,0.4484259784221649,0.6373533010482788,0.003039041068404913,0.4594208002090454,0.6479921340942383,-0.0018858661642298102,0.4141743779182434,0.6484878659248352,0.00040512968553230166,0.4256041944026947,0.6617180705070496,0.001501072896644473,0.4410006105899811,0.6691941022872925,-0.0014726414810866117,0.4526313841342926,0.6760028004646301,-0.005442673806101084,0.41473525762557983,0.6897292733192444,-0.0008911096374504268,0.42620015144348145,0.7005342841148376,-0.0024618881288915873,0.44159677624702454,0.7048627734184265,-0.002265969989821315,0.4524286687374115,0.7091365456581116,-0.0018404724542051554
0.41103100776672363,0.7048720121383667,-3.259713423631183e-07,0.4247230589389801,0.6318350434303284,0.002834739862009883,0.40968015789985657,0.5885557532310486,0.0048432438634335995,0.38100478053092957,0.5774940848350525,0.0053636920638382435,0.35866594314575195,0.5967634916305542,0.004144082777202129,0.35114502906799316,0.5663723945617676,0.0031849252991378307,0.3634940981864929,0.5719168782234192,0.003029774408787489,0.379467636346817,0.5861824750900269,-0.003082642564550042,0.38613414764404297,0.5959563255310059,-0.009121580980718136,0.3269425928592682,0.6021665930747986,0.00011458206427050754,0.34164899587631226,0.6069060564041138,0.007787559647113085,0.35975831747055054,0.6190441250801086,0.005889046471565962,0.3704923093318939,0.6276437640190125,0.0003203352680429816,0.31855839490890503,0.646419882774353,-0.0021991499233990908,0.3325878977775574,0.6527934074401855,0.003024277975782752,0.3515152335166931,0.6575153470039368,0.0014151788782328367,0.3641544282436371,0.6630768179893494,-0.0035567397717386484,0.3165270686149597,0.6893704533576965,-0.004315147642046213,0.3337039649486542,0.6951485872268677,-0.0004205999430269003,0.3501501679420471,0.6977108120918274,0.002540950197726488,0.36106687784194946,0.7025946378707886,0.003317037131637335
0.34567123651504517,0.6880146861076355,-1.020771875914761e-07,0.3674420416355133,0.6227192878723145,0.020676452666521072,0.3529905676841736,0.5855152606964111,0.04133770614862442,0.33000028133392334,0.5814042687416077,0.059788674116134644,0.31388765573501587,0.6016731262207031,0.07710205018520355,0.2985333800315857,0.5630311965942383,0.05190901458263397,0.314188152551651,0.5707916021347046,0.07252883166074753,0.3229272961616516,0.5849004983901978,0.07451856136322021,0.32546281814575195,0.5973698496818542,0.07313144207000732,0.275723934173584,0.5955054759979248,0.05001849681138992,0.2886394262313843,0.600867509841919,0.07747671753168106,0.3018130660057068,0.6135600209236145,0.07613246142864227,0.30956289172172546,0.6252346038818359,0.07046548277139664,0.26417288184165955,0.6342442035675049,0.04940539225935936,0.27377384901046753,0.6353597640991211,0.0699692890048027,0.2878340780735016,0.6428879499435425,0.06582268327474594,0.29891642928123474,0.6493526101112366,0.058776482939720154,0.26208505034446716,0.6693567633628845,0.050725724548101425,0.26867133378982544,0.6709527373313904,0.06559265404939651,0.2810237407684326,0.6754093170166016,0.0686301738023758,0.29077327251434326,0.6804829835891724,0.06916756927967072
0.5340874195098877,0.8099954724311829,-1.789334191926173e-07,0.544892430305481,0.7365678548812866,0.0049441223964095116,0.5183721780776978,0.6990664601325989,0.009224366396665573,0.4869229197502136,0.6974234580993652,0.013066405430436134,0.4657270610332489,0.7182310223579407,0.01537781860679388,0.4667806327342987,0.6632769107818604,0.0065591828897595406,0.46883898973464966,0.6867422461509705,0.008919383399188519,0.4799380302429199,0.708038866519928,0.005655668210238218,0.4899502098560333,0.721045196056366,0.0021697997581213713,0.4393409490585327,0.6970105767250061,0.004367911722511053,0.44703760743141174,0.7210493087768555,0.013908516615629196,0.4600488841533661,0.7395702600479126,0.01352088712155819,0.47410309314727783,0.7520007491111755,0.010317940264940262,0.4260792136192322,0.7421367168426514,0.0033310321159660816,0.4354841411113739,0.7626072764396667,0.009238976053893566,0.45114755630493164,0.7764597535133362,0.007265678606927395,0.4662722945213318,0.7859882116317749,0.003222342347726226,0.42264989018440247,0.7884607315063477,0.00283593381755054,0.43165674805641174,0.8084245324134827,0.003695728490129113,0.44840797781944275,0.8183085322380066,0.004442502278834581,0.4623106122016907,0.8248323798179626,0.005623283796012402
0.6708505749702454,0.6806347966194153,-1.8643925159267383e-07,0.6667510867118835,0.6037319302558899,0.004851392470300198,0.6312531232833862,0.5656305551528931,0.005990253295749426,0.5987087488174438,0.569463849067688,0.0061089713126420975,0.5758780241012573,0.5952569246292114,0.004826816264539957,0.5925420522689819,0.5291910171508789,0.00457605579867959,0.5977848172187805,0.5601228475570679,-0.0003390494384802878,0.6095000505447388,0.5796737670898438,-0.010448765009641647,0.6197965145111084,0.5903313755989075,-0.01790742762386799,0.5665714144706726,0.5605219602584839,0.0006425335304811597,0.576210081577301,0.5931119918823242,0.0060303122736513615,0.5892432332038879,0.6102167367935181,0.0037102606147527695,0.6027759313583374,0.6194244027137756,-0.0011040805839002132,0.5528496503829956,0.605303168296814,-0.0027027453761547804,0.5649224519729614,0.633588969707489,0.0012621739879250526,0.5803932547569275,0.6442634463310242,-0.00015030214854050428,0.5954331755638123,0.6490453481674194,-0.00412667216733098,0.5474128127098083,0.6518681645393372,-0.006030715070664883,0.5607686638832092,0.6770593523979187,-0.005705901887267828,0.5777392387390137,0.6850780844688416,-0.004765714518725872,0.5906457901000977,0.6894727945327759,-0.003788178786635399
0.3693822920322418,0.6510064601898193,-1.8321418338018702e-07,0.4017312526702881,0.5905418395996094,0.033023592084646225,0.4004451036453247,0.5538445711135864,0.06326611340045929,0.3833547830581665,0.541724681854248,0.08978191763162613,0.36766231060028076,0.5488941669464111,0.11514323949813843,0.34241804480552673,0.5101831555366516,0.07315821200609207,0.3548857867717743,0.5193392038345337,0.10202211886644363,0.3639487326145172,0.5350663065910339,0.10823923349380493,0.366870641708374,0.5489078760147095,0.1095920130610466,0.31555527448654175,0.5406098365783691,0.07019983232021332,0.32911476492881775,0.5453096628189087,0.10589329898357391,0.3427303433418274,0.5628827810287476,0.1055198609828949,0.3504734933376312,0.5794699192047119,0.0994826927781105,0.2988256514072418,0.5788927674293518,0.06914473325014114,0.3113557994365692,0.5772569179534912,0.09574500471353531,0.32375386357307434,0.5856775045394897,0.08978951722383499,0.3343953490257263,0.5962024331092834,0.08076578378677368,0.29123198986053467,0.6134639978408813,0.07130392640829086,0.3007754385471344,0.6114550828933716,0.09070394933223724,0.31404244899749756,0.6189298629760742,0.09341543912887573,0.3243521749973297,0.6266204118728638,0.09294822812080383
0.3533315658569336,0.6490904688835144,-1.262534397028503e-07,0.38778409361839294,0.583227276802063,0.021130869165062904,0.3820159137248993,0.5402930378913879,0.04128323495388031,0.3618690073490143,0.5266737937927246,0.059648267924785614,0.3437023162841797,0.5425913333892822,0.07689759135246277,0.31980618834495544,0.4957364797592163,0.046632397919893265,0.3376978933811188,0.5080621838569641,0.06526264548301697,0.3466850817203522,0.527326226234436,0.0660887211561203,0.34925684332847595,0.5429818034172058,0.06389468908309937,0.29241183400154114,0.5286439657211304,0.044635385274887085,0.30711841583251953,0.5367273092269897,0.07052353769540787,0.319160521030426,0.5519601106643677,0.06824503093957901,0.32546567916870117,0.5657700300216675,0.06107734143733978,0.2765582203865051,0.5707627534866333,0.04437099024653435,0.28788328170776367,0.5703615546226501,0.06236077845096588,0.30058538913726807,0.5768522024154663,0.056950394064188004,0.31088757514953613,0.5856605768203735,0.04903664067387581,0.2712289094924927,0.6104985475540161,0.046483173966407776,0.27949535846710205,0.6053546071052551,0.058835119009017944,0.2927137017250061,0.6101590394973755,0.061407726258039474,0.30412882566452026,0.617485761642456,0.06167367845773697
0.6185310482978821,0.7268640995025635,-2.1366116698118276e-07,0.6280449032783508,0.6503168344497681,0.00422667246311903,0.6019564867019653,0.6046707630157471,0.006117179058492184,0.5690995454788208,0.5984572768211365,0.007214119657874107,0.5432025194168091,0.6164509057998657,0.007041450124233961,0.5638396143913269,0.5571234226226807,0.0047529893927276134,0.5586397647857666,0.586041271686554,0.00218594865873456,0.56748366355896,0.6113907098770142,-0.0045420159585773945,0.5781952142715454,0.6261419653892517,-0.009713832288980484,0.5322452783584595,0.5818952918052673,0.0015101311728358269,0.5332112908363342,0.614296019077301,0.00740077393129468,0.5439218878746033,0.6377901434898376,0.0061350129544734955,0.5578284859657288,0.6516926288604736,0.002743329154327512,0.5118978023529053,0.62324458360672,-0.000984051264822483,0.5171949863433838,0.6530649662017822,0.0015224365051835775,0.5320385694503784,0.671108603477478,8.253227861132473e-05,0.5479751229286194,0.6809631586074829,-0.0029329676181077957,0.5000745058059692,0.6692298054695129,-0.0031830386724323034,0.5073314309120178,0.6950774788856506,-0.004839508794248104,0.5241284370422363,0.70986407995224,-0.003952359780669212,0.5381264090538025,0.7186403274536133,-0.002073452342301607
