0.299103319644928,0.8562132716178894,1.6295949478717375e-07,0.30095505714416504,0.7954822778701782,-0.0058120540343225,0.31502336263656616,0.7417336106300354,-0.012057685293257236,0.3241925537586212,0.7013487815856934,-0.01754169724881649,0.3308990001678467,0.6710636615753174,-0.02334323152899742,0.36735406517982483,0.753329873085022,-0.017527099698781967,0.4017508924007416,0.7052111029624939,-0.028969429433345795,0.4192532002925873,0.6756407618522644,-0.03644207492470741,0.43186211585998535,0.6523513793945312,-0.04054661840200424,0.38256946206092834,0.7803544402122498,-0.021324606612324715,0.42601752281188965,0.7403324246406555,-0.028145404532551765,0.45191681385040283,0.7153006196022034,-0.033181726932525635,0.47157981991767883,0.6971173286437988,-0.03710712492465973,0.3899639844894409,0.8112850189208984,-0.025388594716787338,0.4334788918495178,0.7777291536331177,-0.032645877450704575,0.45946723222732544,0.7586374878883362,-0.037668902426958084,0.4791335165500641,0.7439514994621277,-0.04129406064748764,0.39064836502075195,0.842468798160553,-0.029523352161049843,0.42566823959350586,0.8263957500457764,-0.035957735031843185,0.44649410247802734,0.8199995756149292,-0.03691303730010986,0.4638434946537018,0.8155632019042969,-0.03692515939474106
0.3057413101196289,0.806654155254364,1.6128302604556666e-07,0.30529606342315674,0.7484842538833618,-0.0047957091592252254,0.3199886679649353,0.6953978538513184,-0.009397897869348526,0.33279216289520264,0.65826416015625,-0.013768801465630531,0.3434651494026184,0.6312589645385742,-0.018430856987833977,0.3730299472808838,0.6996046304702759,-0.01296474039554596,0.406384140253067,0.6565442085266113,-0.023278236389160156,0.4249148964881897,0.6298711895942688,-0.030296137556433678,0.43913182616233826,0.6080873608589172,-0.03451924026012421,0.38844892382621765,0.726071834564209,-0.017806926742196083,0.4313623607158661,0.6893565058708191,-0.02522892691195011,0.45872068405151367,0.6664164662361145,-0.031121008098125458,0.4808536767959595,0.6492863297462463,-0.035293519496917725,0.3962124288082123,0.7575191855430603,-0.02310391701757908,0.4378601312637329,0.7238616347312927,-0.032254792749881744,0.46424034237861633,0.7033990621566772,-0.03864096850156784,0.4849834144115448,0.6875033974647522,-0.042658135294914246,0.3973689377307892,0.7911759614944458,-0.028376858681440353,0.43204692006111145,0.7777968049049377,-0.0364687442779541,0.4532421827316284,0.7719343900680542,-0.0384632833302021,0.4712000787258148,0.7676364779472351,-0.038963817059993744
0.3062684237957001,0.8267122507095337,2.0577897430484882e-07,0.3080741763114929,0.7668904662132263,-0.005689063109457493,0.3230658173561096,0.7142549157142639,-0.011016873642802238,0.3344961404800415,0.6774107813835144,-0.015599592588841915,0.34381672739982605,0.6501803994178772,-0.020468028262257576,0.3754090368747711,0.7247708439826965,-0.0160518791526556,0.4092400074005127,0.6822649836540222,-0.02569989301264286,0.42743682861328125,0.6566187143325806,-0.03161156550049782,0.44135162234306335,0.6358321309089661,-0.03491075709462166,0.3895377218723297,0.752149760723114,-0.019795339554548264,0.43392738699913025,0.7170348763465881,-0.02668614313006401,0.46213585138320923,0.6949611306190491,-0.031944043934345245,0.4848184883594513,0.6793392300605774,-0.03574693575501442,0.395634263753891,0.7829622626304626,-0.02378944121301174,0.4379632771015167,0.7506569027900696,-0.03282420337200165,0.46440109610557556,0.7309780716896057,-0.04004816338419914,0.4851233661174774,0.7168228030204773,-0.044637858867645264,0.39545854926109314,0.8144777417182922,-0.027636470273137093,0.43021392822265625,0.8035203218460083,-0.03618752211332321,0.45192235708236694,0.7994592189788818,-0.039461977779865265,0.4706009328365326,0.7974191904067993,-0.04085661098361015
0.3100200891494751,0.7815321087837219,1.9221373293021315e-07,0.30954211950302124,0.7232004404067993,-0.005076183471828699,0.32205671072006226,0.6743848919868469,-0.010434071533381939,0.333844393491745,0.6426646709442139,-0.015247322618961334,0.34396085143089294,0.6214795112609863,-0.020486930385231972,0.37651342153549194,0.6780685782432556,-0.015453812666237354,0.4078706204891205,0.6372004151344299,-0.02554653212428093,0.42471781373023987,0.6122140884399414,-0.032133881002664566,0.43764957785606384,0.5916931629180908,-0.03594904765486717,0.39037182927131653,0.7045539617538452,-0.020057059824466705,0.4331560730934143,0.6702544093132019,-0.027493979781866074,0.4606791138648987,0.6488047242164612,-0.032733719795942307,0.48315247893333435,0.6336347460746765,-0.03627748787403107,0.3960675299167633,0.7356034517288208,-0.02502267248928547,0.43703851103782654,0.7038343548774719,-0.03436305746436119,0.4640355110168457,0.6851635575294495,-0.04104401916265488,0.4857257902622223,0.6714526414871216,-0.045033685863018036,0.395473450422287,0.7684468030929565,-0.02988252229988575,0.4299483299255371,0.7549563050270081,-0.038232967257499695,0.4513015151023865,0.7482944130897522,-0.040685657411813736,0.4699167013168335,0.7433956861495972,-0.041437529027462006
0.29586121439933777,0.8630818724632263,1.995135505694634e-07,0.297046035528183,0.8032861948013306,-0.007003493141382933,0.3110494613647461,0.7500936985015869,-0.013380817137658596,0.32073974609375,0.7099607586860657,-0.018669884651899338,0.32632526755332947,0.6803826689720154,-0.02437341772019863,0.3649961054325104,0.7633203864097595,-0.019079290330410004,0.3979916274547577,0.7178471684455872,-0.02947586216032505,0.4166238009929657,0.6899985671043396,-0.0358969084918499,0.43140745162963867,0.6678541898727417,-0.03970082476735115,0.3795957565307617,0.7911058664321899,-0.02239595353603363,0.423164427280426,0.754501461982727,-0.030121231451630592,0.45121440291404724,0.7311094999313354,-0.035587623715400696,0.47355031967163086,0.7144646644592285,-0.039553236216306686,0.3854061961174011,0.8218470811843872,-0.02587750181555748,0.4276115596294403,0.7911968231201172,-0.03538899123668671,0.4551336467266083,0.7732179164886475,-0.04248563572764397,0.4770887792110443,0.7601339817047119,-0.04699437692761421,0.384253591299057,0.8526679873466492,-0.02925030142068863,0.4187524914741516,0.8421391248703003,-0.038233041763305664,0.4401057958602905,0.8385908007621765,-0.04116225615143776,0.45811447501182556,0.8365399837493896,-0.04231099411845207
0.382831871509552,0.8616704940795898,2.1013015327753237e-07,0.38294166326522827,0.8014365434646606,-0.006612947676330805,0.3946188986301422,0.7465957999229431,-0.013330483809113503,0.4014734625816345,0.7066258192062378,-0.019197450950741768,0.40699511766433716,0.6769284009933472,-0.02545746974647045,0.45327627658843994,0.757042646408081,-0.017437897622585297,0.48446935415267944,0.7110117673873901,-0.02699480950832367,0.5022245645523071,0.6836099028587341,-0.03342030569911003,0.5167937278747559,0.6621809601783752,-0.03739522397518158,0.4682962894439697,0.784794807434082,-0.02122795768082142,0.5114148855209351,0.7484585046768188,-0.028104636818170547,0.538584291934967,0.7259451150894165,-0.033606816083192825,0.5606188774108887,0.7100517749786377,-0.037777308374643326,0.4742323160171509,0.8160755634307861,-0.02523641847074032,0.5178481340408325,0.7872623205184937,-0.033722251653671265,0.5450229644775391,0.7700548768043518,-0.04035796970129013,0.5665677785873413,0.7567560076713562,-0.04478299617767334,0.47310495376586914,0.8480278849601746,-0.0292084738612175,0.5092873573303223,0.8372787833213806,-0.036698754876852036,0.5309867858886719,0.8330440521240234,-0.03856992349028587,0.5491241812705994,0.8299737572669983,-0.0391632542014122
0.4512367844581604,0.8625850081443787,2.2374793218205014e-07,0.4520888030529022,0.799160361289978,-0.008854256942868233,0.4647672474384308,0.7444697022438049,-0.017246833071112633,0.47363555431365967,0.702472448348999,-0.024268420413136482,0.48198938369750977,0.673397421836853,-0.03155140578746796,0.5276098251342773,0.7596830725669861,-0.021026765927672386,0.562645435333252,0.7140718698501587,-0.03167535737156868,0.5821289420127869,0.6870490908622742,-0.03885991871356964,0.5982699990272522,0.6660813689231873,-0.043115343898534775,0.5428935289382935,0.790493369102478,-0.02342606708407402,0.5889764428138733,0.7560536861419678,-0.030853940173983574,0.6179307699203491,0.734687089920044,-0.0363202802836895,0.6416354179382324,0.7200062274932861,-0.04043813794851303,0.5479695796966553,0.8226823210716248,-0.026028616353869438,0.5938904285430908,0.7968283295631409,-0.034596800804138184,0.6226356029510498,0.7806605696678162,-0.04074197635054588,0.6449834108352661,0.7688538432121277,-0.04471486806869507,0.5452989339828491,0.8529967069625854,-0.028799865394830704,0.5828423500061035,0.844963788986206,-0.036390502005815506,0.6058869957923889,0.8413535356521606,-0.038087017834186554,0.6251019239425659,0.8394044637680054,-0.03833192586898804
0.5490730404853821,0.8681832551956177,2.3678126126469579e-07,0.5524047613143921,0.8041050434112549,-0.010695068165659904,0.5642005205154419,0.7498877048492432,-0.02075294964015484,0.5713350772857666,0.7052317261695862,-0.02872316539287567,0.5794016122817993,0.6742310523986816,-0.0370132215321064,0.6295133233070374,0.7698658108711243,-0.026267219334840775,0.6668187379837036,0.7222049832344055,-0.03609302267432213,0.6860649585723877,0.6958291530609131,-0.04216465726494789,0.7020331621170044,0.6756039261817932,-0.045529622584581375,0.6452683806419373,0.8030818104743958,-0.025920458137989044,0.6944453716278076,0.7676969170570374,-0.03282654657959938,0.7241114377975464,0.7469906210899353,-0.03736070170998573,0.7479010820388794,0.7329118847846985,-0.04102376103401184,0.6489905714988708,0.8357114195823669,-0.02528158575296402,0.6977496147155762,0.8098907470703125,-0.033143240958452225,0.7272123098373413,0.7942132353782654,-0.039126697927713394,0.7491680979728699,0.7829522490501404,-0.04312175139784813,0.645273745059967,0.8636347055435181,-0.024629659950733185,0.6845065951347351,0.856927752494812,-0.03137139976024628,0.7075405120849609,0.8542230129241943,-0.0329456627368927,0.7269344925880432,0.8531848788261414,-0.03334919735789299
0.12444224953651428,0.9267978668212891,2.933225573542586e-07,0.11641324311494827,0.8559668064117432,-0.007782517001032829,0.12081707268953323,0.7879983186721802,-0.015334251336753368,0.12618833780288696,0.7350915670394897,-0.021506760269403458,0.13776876032352448,0.7007710933685303,-0.027833929285407066,0.17422550916671753,0.797158420085907,-0.027666106820106506,0.2062477469444275,0.7332626581192017,-0.04051325097680092,0.22428669035434723,0.6955299377441406,-0.046171799302101135,0.23945149779319763,0.666819155216217,-0.04928692430257797,0.19686369597911835,0.8266115784645081,-0.03139520809054375,0.2436160296201706,0.7758817076683044,-0.04238777980208397,0.2741682529449463,0.74232017993927,-0.04911831021308899,0.2992870807647705,0.7184826135635376,-0.05417449772357941,0.21058520674705505,0.8586322069168091,-0.03480285033583641,0.2583214044570923,0.8224539756774902,-0.04996656998991966,0.28986817598342896,0.7985372543334961,-0.061323560774326324,0.315490186214447,0.7813451886177063,-0.06840156763792038,0.21586650609970093,0.890735924243927,-0.03744697943329811,0.257735013961792,0.8858852386474609,-0.05389603227376938,0.28393882513046265,0.8883229494094849,-0.06165657937526703,0.30596137046813965,0.8915163278579712,-0.06545070558786392
0.22187605500221252,0.9190059900283813,3.0105789505796565e-07,0.21257010102272034,0.8453121185302734,-0.007808436639606953,0.2191244661808014,0.7781708836555481,-0.014305145479738712,0.22733978927135468,0.7275722026824951,-0.019778771325945854,0.23728947341442108,0.6931087374687195,-0.025731682777404785,0.2821861803531647,0.7844588756561279,-0.021773312240839005,0.31444257497787476,0.7218782305717468,-0.03255574405193329,0.3324165344238281,0.684291422367096,-0.038676001131534576,0.34681522846221924,0.655570387840271,-0.042314473539590836,0.3046458959579468,0.8137211203575134,-0.025465432554483414,0.3520134687423706,0.7644749879837036,-0.03375055640935898,0.38213956356048584,0.7314571142196655,-0.040374260395765305,0.4068235754966736,0.7085078954696655,-0.045343246310949326,0.3165227770805359,0.8466681838035583,-0.02932901680469513,0.3651579022407532,0.8121114373207092,-0.04210805892944336,0.3973291218280792,0.7883846759796143,-0.05422038957476616,0.42359673976898193,0.7719126343727112,-0.062201205641031265,0.31888866424560547,0.8808313012123108,-0.032709404826164246,0.36102089285850525,0.8809343576431274,-0.04757648706436157,0.38790735602378845,0.8836406469345093,-0.05563545599579811,0.4104933440685272,0.8875349164009094,-0.059813324362039566
0.282467246055603,0.9131937623023987,2.849986060482479e-07,0.273673951625824,0.8408187031745911,-0.01130196824669838,0.2819209694862366,0.7715699672698975,-0.018985094502568245,0.2915610074996948,0.7173862457275391,-0.02519875392317772,0.306081622838974,0.690528392791748,-0.03154047951102257,0.34617531299591064,0.7808395624160767,-0.021766912192106247,0.37775346636772156,0.7199486494064331,-0.03367147967219353,0.3957611918449402,0.6821701526641846,-0.04095519706606865,0.41040274500846863,0.6536903381347656,-0.045528851449489594,0.3694438636302948,0.8099988698959351,-0.023944562301039696,0.4155980348587036,0.7616245150566101,-0.0333390049636364,0.4453354477882385,0.7285546660423279,-0.040482696145772934,0.46943941712379456,0.7047346830368042,-0.04571859538555145,0.3816292881965637,0.8429535627365112,-0.02689366042613983,0.4297242760658264,0.8089562654495239,-0.041187532246112823,0.4614056646823883,0.7852657437324524,-0.053554244339466095,0.48682329058647156,0.7680843472480774,-0.0612935833632946,0.3839353322982788,0.8766188621520996,-0.02969922497868538,0.426146537065506,0.8772550821304321,-0.045605964958667755,0.4528523087501526,0.8801117539405823,-0.05412418022751808,0.47486865520477295,0.8839989304542542,-0.0584929957985878
0.33184903860092163,0.9172592163085938,2.4665422415637295e-07,0.32541102170944214,0.8443141579627991,-0.01078610960394144,0.3343851566314697,0.7757447957992554,-0.019420281052589417,0.3436870872974396,0.7198076248168945,-0.026732562109827995,0.35711389780044556,0.6879249215126038,-0.03425633907318115,0.39886531233787537,0.7886151075363159,-0.024022603407502174,0.4312015473842621,0.7259782552719116,-0.03697739914059639,0.449657142162323,0.6878855228424072,-0.04484999179840088,0.4655613601207733,0.6586509346961975,-0.04986516013741493,0.4227158725261688,0.8171318173408508,-0.026393195614218712,0.4682534337043762,0.7675900459289551,-0.03711528703570366,0.4974830150604248,0.7348181009292603,-0.04478229209780693,0.521834135055542,0.711047887802124,-0.050531066954135895,0.4356328248977661,0.8498200178146362,-0.02915058471262455,0.4848078787326813,0.8149843811988831,-0.043884821236133575,0.5171626210212708,0.7922292947769165,-0.055523864924907684,0.5428915023803711,0.7759665250778198,-0.0628470852971077,0.43837711215019226,0.8825498819351196,-0.031718846410512924,0.48211365938186646,0.8824514746665955,-0.047283805906772614,0.5096250772476196,0.8856039047241211,-0.055243611335754395,0.5324440002441406,0.8903380632400513,-0.05931958928704262
0.3790869116783142,0.9188143014907837,2.3903095325295e-07,0.37423068284988403,0.8464059829711914,-0.011838952079415321,0.3808829188346863,0.7803841829299927,-0.02327740378677845,0.39004090428352356,0.7247678637504578,-0.0331883579492569,0.4045911133289337,0.6949857473373413,-0.04342316836118698,0.44687142968177795,0.7986664772033691,-0.030405938625335693,0.48055124282836914,0.7350899577140808,-0.0454578697681427,0.4989590644836426,0.6972926259040833,-0.053972918540239334,0.5140182375907898,0.6681548357009888,-0.05895846709609032,0.47044888138771057,0.8290677666664124,-0.03241937980055809,0.5182196497917175,0.7770781517028809,-0.04541259631514549,0.5478004217147827,0.7437674403190613,-0.05317583680152893,0.5715771317481995,0.7194370627403259,-0.05876273289322853,0.4826553463935852,0.862231433391571,-0.03441624715924263,0.5317538380622864,0.8256388902664185,-0.049868348985910416,0.5639997124671936,0.8019812703132629,-0.06044739484786987,0.5887089371681213,0.7849198579788208,-0.06697975844144821,0.48487040400505066,0.8942065238952637,-0.03624492883682251,0.5291381478309631,0.8928360342979431,-0.05129450932145119,0.5567986369132996,0.8959651589393616,-0.05795549228787422,0.579512357711792,0.9011260271072388,-0.061093512922525406
0.451787531375885,0.9105328917503357,2.722099736729433e-07,0.448649525642395,0.8386560082435608,-0.014845013618469238,0.45837438106536865,0.7733904123306274,-0.027136025950312614,0.46863389015197754,0.7176080346107483,-0.03670262545347214,0.48459750413894653,0.6849144101142883,-0.0464664101600647,0.5269250273704529,0.7947484850883484,-0.03394535183906555,0.5633894205093384,0.7321529984474182,-0.047919861972332,0.5839569568634033,0.696241021156311,-0.05584315210580826,0.6020557880401611,0.6688698530197144,-0.060572605580091476,0.5492615699768066,0.8264148831367493,-0.03309772163629532,0.6020289659500122,0.7754204273223877,-0.045142292976379395,0.6338734030723572,0.7451722025871277,-0.051976967602968216,0.6591560244560242,0.7231931090354919,-0.05694284290075302,0.5587394833564758,0.8600203990936279,-0.03213678300380707,0.6113569140434265,0.8230563998222351,-0.04631425067782402,0.6455694437026978,0.8008022904396057,-0.05610685795545578,0.6716570854187012,0.7848796248435974,-0.0620545856654644,0.5587899684906006,0.8904334306716919,-0.031143290922045708,0.6049453020095825,0.8847033381462097,-0.04502366855740547,0.633102536201477,0.8862344026565552,-0.05098935216665268,0.6563932299613953,0.8901310563087463,-0.05375545471906662
0.4113357365131378,0.9060416221618652,2.405020609330677e-07,0.4115869998931885,0.8342126607894897,-0.012226371094584465,0.4214681088924408,0.7689781188964844,-0.023306487128138542,0.4285290837287903,0.7152339816093445,-0.03252158686518669,0.4387967586517334,0.678568959236145,-0.04219933971762657,0.4895797371864319,0.7866307497024536,-0.028964050114154816,0.5217602849006653,0.7230294942855835,-0.044420164078474045,0.5386506915092468,0.6843966841697693,-0.0546385683119297,0.5528679490089417,0.6550371050834656,-0.06055816262960434,0.5119578838348389,0.8181942105293274,-0.030027341097593307,0.5617520809173584,0.7736727595329285,-0.042852215468883514,0.5941951274871826,0.7455134391784668,-0.05179029703140259,0.6216095089912415,0.7254455089569092,-0.05829468369483948,0.5213696956634521,0.8520715236663818,-0.03114200197160244,0.5746499300003052,0.8238113522529602,-0.046694107353687286,0.610103189945221,0.8086888790130615,-0.058043066412210464,0.638002872467041,0.7985026240348816,-0.06486465036869049,0.520830512046814,0.883501410484314,-0.031943924725055695,0.5654061436653137,0.8830602169036865,-0.04739392548799515,0.5920503735542297,0.8892855048179626,-0.05361254885792732,0.6136555075645447,0.8967124819755554,-0.05620797351002693
0.5011243224143982,0.9021496176719666,2.391664395418047e-07,0.5000762343406677,0.8301700353622437,-0.012693292461335659,0.5118731260299683,0.7678111791610718,-0.0227748341858387,0.5211284756660461,0.716779351234436,-0.030654724687337875,0.5325466990470886,0.6833696365356445,-0.03874210640788078,0.5818073749542236,0.7880105972290039,-0.026716506108641624,0.6170967221260071,0.7267724275588989,-0.038241300731897354,0.6378182172775269,0.6928942203521729,-0.04557901620864868,0.6557902097702026,0.6680213212966919,-0.05006717890501022,0.6021577715873718,0.8220895528793335,-0.026774030178785324,0.6513219475746155,0.777640700340271,-0.03634943813085556,0.6821220517158508,0.7506148219108582,-0.04304736480116844,0.7072923183441162,0.7310262322425842,-0.0480787493288517,0.6095568537712097,0.8558800220489502,-0.027014194056391716,0.6611987948417664,0.8231996893882751,-0.039881329983472824,0.6949526071548462,0.8050678372383118,-0.04996806010603905,0.7209608554840088,0.7925328612327576,-0.056196179240942,0.6075794696807861,0.8859883546829224,-0.027133122086524963,0.6518118381500244,0.8835043907165527,-0.04085100069642067,0.6791210174560547,0.8860116600990295,-0.047076500952243805,0.7014917731285095,0.8904013633728027,-0.04992998391389847
0.7440199255943298,0.9171732068061829,3.1904909292279626e-07,0.7535222768783569,0.8434494733810425,-0.0028932492714375257,0.7492128610610962,0.7775266170501709,-0.008775313384830952,0.7387778162956238,0.7225423455238342,-0.014000188559293747,0.7289812564849854,0.6834350824356079,-0.019686877727508545,0.6901653409004211,0.768450140953064,-0.017762528732419014,0.6566532850265503,0.7052218317985535,-0.026296185329556465,0.6381068229675293,0.6699075102806091,-0.031867969781160355,0.6231181621551514,0.6423957347869873,-0.03573215380311012,0.6653528213500977,0.7960264086723328,-0.021301260218024254,0.6185747385025024,0.7385673522949219,-0.029294786974787712,0.5890815258026123,0.7062013149261475,-0.036068059504032135,0.5662927031517029,0.68363356590271,-0.04165887087583542,0.6493342518806458,0.8300387859344482,-0.023777637630701065,0.6016653180122375,0.7849298119544983,-0.030476123094558716,0.5725577473640442,0.7579142451286316,-0.03736255317926407,0.5509771704673767,0.7389054894447327,-0.04321325942873955,0.6416561007499695,0.8647840023040771,-0.025683898478746414,0.6016937494277954,0.8424932956695557,-0.032389331609010696,0.5774217247962952,0.8305479288101196,-0.03577292338013649,0.5576620697975159,0.8193159699440002,-0.0377197340130806
0.8133927583694458,0.9267177581787109,3.0955254715081537e-07,0.8247392177581787,0.8546683192253113,-0.0030777649953961372,0.8202245235443115,0.7892646789550781,-0.008690974675118923,0.8102912902832031,0.7352052927017212,-0.013388213701546192,0.8027428388595581,0.6957412958145142,-0.01862153224647045,0.7637571692466736,0.7817397117614746,-0.01908661052584648,0.7304517030715942,0.7175748944282532,-0.027030084282159805,0.7138432860374451,0.6821001172065735,-0.03158070519566536,0.701108992099762,0.6553922891616821,-0.0345853827893734,0.7394002676010132,0.8088592886924744,-0.022155113518238068,0.6904653310775757,0.7502294778823853,-0.029438838362693787,0.6606727242469788,0.7184810042381287,-0.035192154347896576,0.6379266977310181,0.6975116729736328,-0.039995115250349045,0.7237550616264343,0.8412408828735352,-0.024122489616274834,0.6767597198486328,0.792812705039978,-0.030371468514204025,0.6477068662643433,0.7650883793830872,-0.03740450739860535,0.6251541376113892,0.7462056875228882,-0.04329920932650566,0.7159839868545532,0.8741494417190552,-0.025405636057257652,0.6756954193115234,0.849147379398346,-0.03229309618473053,0.6507248282432556,0.8371725678443909,-0.03623368218541145,0.6294986605644226,0.8266449570655823,-0.038564812391996384
0.8824102282524109,0.9531316757202148,3.077161352393887e-07,0.8993258476257324,0.881391704082489,-0.0028592331800609827,0.899074912071228,0.8151740431785583,-0.007181541062891483,0.8901122212409973,0.7607320547103882,-0.010593393817543983,0.883323609828949,0.7217151522636414,-0.014327536337077618,0.8387944102287292,0.8004795908927917,-0.015629779547452927,0.809070885181427,0.7351583242416382,-0.02308947779238224,0.793720006942749,0.6973088979721069,-0.028047023341059685,0.7819793820381165,0.6671103239059448,-0.031655505299568176,0.8115864992141724,0.8244554400444031,-0.018511082977056503,0.7667033672332764,0.7623042464256287,-0.025841258466243744,0.7384160757064819,0.7259001731872559,-0.032584547996520996,0.7167402505874634,0.6994416117668152,-0.03817332163453102,0.79379802942276,0.8550673127174377,-0.020410778000950813,0.7490473985671997,0.8034407496452332,-0.027086792513728142,0.7218402624130249,0.7722846269607544,-0.03515983372926712,0.700644850730896,0.7495464086532593,-0.04172595590353012,0.7846456170082092,0.8877862691879272,-0.021674741059541702,0.7462230920791626,0.8599490523338318,-0.02923189289867878,0.7213239669799805,0.8456047773361206,-0.03416350856423378,0.7000677585601807,0.8321036100387573,-0.037171073257923126
0.8979533314704895,0.8414694666862488,3.17243944891743e-07,0.9167143702507019,0.7673580646514893,-0.0010749405482783914,0.9174503087997437,0.7007025480270386,-0.006215961184352636,0.9095438718795776,0.6440690159797668,-0.01073399093002081,0.8999715447425842,0.603499174118042,-0.0159353855997324,0.8600462079048157,0.6840624809265137,-0.020937811583280563,0.825865626335144,0.6168708801269531,-0.030925633385777473,0.8097937703132629,0.5777660608291626,-0.036036450415849686,0.7982725501060486,0.5464370250701904,-0.03921365737915039,0.8325373530387878,0.7100262641906738,-0.025651982054114342,0.7825660109519958,0.6446561217308044,-0.03633292764425278,0.7533953785896301,0.6051194667816162,-0.04370759800076485,0.7317178249359131,0.575211763381958,-0.04923746734857559,0.8141193985939026,0.7434117794036865,-0.028826145455241203,0.7667739391326904,0.6911951899528503,-0.03794698044657707,0.7377532124519348,0.657245397567749,-0.04590827226638794,0.7164160013198853,0.631340503692627,-0.05186408758163452,0.8046651482582092,0.7787347435951233,-0.03096265345811844,0.7633655667304993,0.7520304322242737,-0.03928043693304062,0.7376001477241516,0.736980140209198,-0.04362864792346954,0.7163376808166504,0.7221136093139648,-0.046065621078014374
0.8175556063652039,0.7867792844772339,3.19407973847774e-07,0.8352476954460144,0.7116547226905823,-0.0034921045880764723,0.8348156809806824,0.6473921537399292,-0.009726720862090588,0.8262010216712952,0.5930077433586121,-0.015109570696949959,0.8160669207572937,0.5528618097305298,-0.021150417625904083,0.7744364142417908,0.6338534355163574,-0.022955134510993958,0.7412574887275696,0.5684467554092407,-0.03362418711185455,0.7220022678375244,0.5305622816085815,-0.03919779881834984,0.7066400647163391,0.5020973086357117,-0.0429404079914093,0.7464221119880676,0.6608636379241943,-0.02713458426296711,0.6947614550590515,0.6003454327583313,-0.03839241713285446,0.6642309427261353,0.5663607120513916,-0.04502319172024727,0.6413185596466064,0.5424595475196838,-0.04987409710884094,0.7283884286880493,0.6948150396347046,-0.03017505444586277,0.679253101348877,0.6462143659591675,-0.04012458771467209,0.6503778696060181,0.6163668632507324,-0.046959925442934036,0.6279764175415039,0.5931094884872437,-0.0520482212305069,0.7199647426605225,0.7304768562316895,-0.03249623626470566,0.6781291365623474,0.7071845531463623,-0.04231279343366623,0.6522118449211121,0.6937565803527832,-0.046796951442956924,0.630262017250061,0.679283618927002,-0.049005210399627686
0.6527888774871826,0.7607446908950806,3.6511355006041413e-07,0.6674589514732361,0.6850982308387756,-0.0051176403649151325,0.6700273156166077,0.6177032589912415,-0.012233414687216282,0.6606210470199585,0.5641984939575195,-0.018088551238179207,0.647372841835022,0.526091992855072,-0.024219218641519547,0.5991362929344177,0.6061611175537109,-0.02250637300312519,0.5657036304473877,0.5394919514656067,-0.03313367813825607,0.5474144220352173,0.5005536079406738,-0.039699554443359375,0.5340352654457092,0.47047489881515503,-0.04382983595132828,0.5717508792877197,0.6342635750770569,-0.025604676455259323,0.5200898051261902,0.5712898373603821,-0.03572453558444977,0.48715096712112427,0.5363926887512207,-0.043416451662778854,0.4632405638694763,0.5123687982559204,-0.049367714673280716,0.55474853515625,0.6684572100639343,-0.027568088844418526,0.5056458711624146,0.6159165501594543,-0.0357404462993145,0.47608768939971924,0.5852593183517456,-0.04317724332213402,0.4541324973106384,0.562483549118042,-0.04907931759953499,0.5469263195991516,0.7058075666427612,-0.029019232839345932,0.5050646066665649,0.6800790429115295,-0.037052735686302185,0.47936657071113586,0.665910005569458,-0.040931541472673416,0.45768338441848755,0.6517411470413208,-0.042847003787755966
0.5296798348426819,0.7515905499458313,3.6886277143821644e-07,0.5443549752235413,0.6775383353233337,-0.006648067384958267,0.5438075065612793,0.6100350618362427,-0.013381065800786018,0.5329370498657227,0.5565093755722046,-0.018712695688009262,0.52346271276474,0.5160003304481506,-0.024319028481841087,0.4677422046661377,0.5994659662246704,-0.018121585249900818,0.43632322549819946,0.5321514010429382,-0.025690607726573944,0.4171083867549896,0.4957115650177002,-0.03095041774213314,0.4021475911140442,0.4690352976322174,-0.03462076187133789,0.4407769441604614,0.6294474601745605,-0.019754646345973015,0.39081189036369324,0.5681667923927307,-0.026219837367534637,0.3600662648677826,0.5353759527206421,-0.032377760857343674,0.33763769268989563,0.5131638646125793,-0.03763618320226669,0.4259514808654785,0.6649464964866638,-0.02070416323840618,0.37717944383621216,0.6136837601661682,-0.027005357667803764,0.3486252427101135,0.5850610136985779,-0.0344308502972126,0.32705962657928467,0.5646849870681763,-0.04061185568571091,0.41996505856513977,0.7017711400985718,-0.021328462287783623,0.3790695071220398,0.6756651997566223,-0.02862550877034664,0.35365498065948486,0.6604291200637817,-0.03290606290102005,0.33252575993537903,0.645465075969696,-0.03537334129214287
0.431528776884079,0.7511163949966431,3.7275995623531344e-07,0.4440288543701172,0.6747344732284546,-0.0061382087878882885,0.4418836236000061,0.6059376001358032,-0.013044171035289764,0.4323289394378662,0.5493210554122925,-0.018676836043596268,0.42179349064826965,0.5108298063278198,-0.024417957291007042,0.3649127185344696,0.5985693335533142,-0.01978469453752041,0.32929930090904236,0.527411699295044,-0.029792528599500656,0.3119797110557556,0.49064353108406067,-0.03639352321624756,0.3020290434360504,0.4661616086959839,-0.03981776535511017,0.3379022777080536,0.629339873790741,-0.021086113527417183,0.28392472863197327,0.5651494264602661,-0.027852151542901993,0.2537176012992859,0.5319024324417114,-0.03338971361517906,0.2345019429922104,0.5111815929412842,-0.03783789649605751,0.3232985734939575,0.6646901369094849,-0.021720528602600098,0.2709043025970459,0.6152833104133606,-0.026891715824604034,0.24226117134094238,0.5880207419395447,-0.03310796990990639,0.22233907878398895,0.5686792135238647,-0.038418710231781006,0.31831467151641846,0.7013723850250244,-0.022150546312332153,0.276225745677948,0.6762621402740479,-0.027318568900227547,0.25079071521759033,0.6622400879859924,-0.029961416497826576,0.230448380112648,0.6479971408843994,-0.031290724873542786
0.3521668314933777,0.748838484287262,4.086669491698558e-07,0.3655956983566284,0.6715525388717651,-0.010079273954033852,0.3618322014808655,0.6035522222518921,-0.018576093018054962,0.3492855429649353,0.5478435158729553,-0.024682477116584778,0.3390365540981293,0.5072141885757446,-0.030840197578072548,0.2799571454524994,0.6022847294807434,-0.023245450109243393,0.24552923440933228,0.5333176851272583,-0.031810760498046875,0.22433558106422424,0.4961208701133728,-0.03792469576001167,0.20756417512893677,0.46812084317207336,-0.042133625596761703,0.25187015533447266,0.6352781653404236,-0.02260502614080906,0.19989325106143951,0.5727266669273376,-0.028380580246448517,0.17002421617507935,0.5398571491241455,-0.03364090248942375,0.14944393932819366,0.5175767540931702,-0.0384339801967144,0.23810337483882904,0.6716744303703308,-0.021285535767674446,0.1859719455242157,0.6238892078399658,-0.02603948302567005,0.15785479545593262,0.5960777401924133,-0.03209115192294121,0.1374853104352951,0.5752613544464111,-0.03778162598609924,0.2349228411912918,0.7078677415847778,-0.02005237340927124,0.19118866324424744,0.6851757168769836,-0.026089904829859734,0.165859192609787,0.669973611831665,-0.02941647544503212,0.1452871412038803,0.6533606648445129,-0.03142178803682327
0.05648767203092575,0.6079577207565308,3.5906987250200473e-07,0.06687377393245697,0.5191398859024048,0.0035892336163669825,0.0967671349644661,0.45213961601257324,0.000991776236332953,0.13008667528629303,0.4136140048503876,-0.0038193680811673403,0.1618230938911438,0.39404404163360596,-0.00877813994884491,0.11449822783470154,0.46551644802093506,-0.00540010305121541,0.16240711510181427,0.42581605911254883,-0.02155851013958454,0.19922876358032227,0.39490842819213867,-0.032225750386714935,0.22910210490226746,0.37363478541374207,-0.038961734622716904,0.13535788655281067,0.49574583768844604,-0.015783827751874924,0.18519523739814758,0.45225274562835693,-0.0333976224064827,0.22440291941165924,0.4136737585067749,-0.04524104669690132,0.2582440674304962,0.38369613885879517,-0.05211152508854866,0.15474221110343933,0.5329773426055908,-0.025572890415787697,0.20116932690143585,0.48667848110198975,-0.04122985526919365,0.23212598264217377,0.4506118595600128,-0.04419412091374397,0.2586739659309387,0.41789937019348145,-0.043839532881975174,0.17156831920146942,0.5738651156425476,-0.034907374531030655,0.20964643359184265,0.537346363067627,-0.04713984578847885,0.23369890451431274,0.5103856325149536,-0.04698864370584488,0.2552264332771301,0.4842636287212372,-0.04445488378405571
0.21774590015411377,0.6514015793800354,2.7031666149923694e-07,0.21396802365779877,0.5756738185882568,-0.005425282288342714,0.22710353136062622,0.5088721513748169,-0.012447934597730637,0.24520555138587952,0.46070003509521484,-0.01831698976457119,0.26623398065567017,0.4322366416454315,-0.02473556064069271,0.2910851240158081,0.5078264474868774,-0.024698792025446892,0.33229538798332214,0.4452715218067169,-0.03840019553899765,0.35521399974823,0.4084210991859436,-0.04559560492634773,0.3737516701221466,0.3809419870376587,-0.04919155314564705,0.3113377094268799,0.5422143936157227,-0.029607286676764488,0.37017059326171875,0.4905540943145752,-0.03984540328383446,0.4056161642074585,0.4597974121570587,-0.04443895444273949,0.4337560534477234,0.4374868869781494,-0.047024212777614594,0.32216814160346985,0.5823835730552673,-0.03432035073637962,0.38161981105804443,0.5377315282821655,-0.04592834413051605,0.41790419816970825,0.5139883160591125,-0.05173308774828911,0.44686561822891235,0.49496904015541077,-0.05457949638366699,0.324239045381546,0.6235798597335815,-0.03853552043437958,0.3721100389957428,0.5985476970672607,-0.048123717308044434,0.399901419878006,0.5870344638824463,-0.04916859418153763,0.424245685338974,0.5778535604476929,-0.048263926059007645
0.3586583435535431,0.6497247219085693,3.274805919772916e-07,0.3549043536186218,0.5737786889076233,-0.0095260264351964,0.36605170369148254,0.5076549649238586,-0.019448744133114815,0.38324570655822754,0.4591313600540161,-0.02782270684838295,0.40487486124038696,0.4300624132156372,-0.036528851836919785,0.433925986289978,0.5106238126754761,-0.028808243572711945,0.4793798625469208,0.45221981406211853,-0.04385509714484215,0.5081800818443298,0.4195556640625,-0.05255116522312164,0.5327983498573303,0.3975462019443512,-0.05732043832540512,0.4561971127986908,0.5445345044136047,-0.033037010580301285,0.5178557634353638,0.4954552948474884,-0.043214719742536545,0.5560583472251892,0.4667666256427765,-0.04847359284758568,0.5860498547554016,0.4479852616786957,-0.052099525928497314,0.4682435393333435,0.5843130946159363,-0.037369951605796814,0.5293781161308289,0.5437825918197632,-0.04769769683480263,0.5665708780288696,0.5205747485160828,-0.05297517776489258,0.5952086448669434,0.5041042566299438,-0.05632144212722778,0.4703833758831024,0.6252385377883911,-0.04190124198794365,0.5181794762611389,0.6040025353431702,-0.05104118958115578,0.5470567941665649,0.5915732383728027,-0.052144818007946014,0.5715792179107666,0.5831560492515564,-0.05161232501268387
0.4793267846107483,0.650287389755249,2.7035142124987033e-07,0.4689231514930725,0.5744311213493347,-0.014700161293148994,0.4728791117668152,0.507559061050415,-0.027109229937195778,0.4812915325164795,0.4519237279891968,-0.036968257278203964,0.496666818857193,0.41258278489112854,-0.04653526097536087,0.5566410422325134,0.5052918791770935,-0.02856714278459549,0.5947400331497192,0.4390103220939636,-0.04231885448098183,0.6181347370147705,0.4021088182926178,-0.05115877464413643,0.6393390893936157,0.3756091296672821,-0.056363794952631,0.5817126035690308,0.5404000878334045,-0.02917073667049408,0.6353075504302979,0.4865539073944092,-0.0380396731197834,0.6668936014175415,0.4545554518699646,-0.04298857972025871,0.6923161745071411,0.43152910470962524,-0.046538110822439194,0.5940471291542053,0.5795727968215942,-0.030599672347307205,0.6480688452720642,0.5345672369003296,-0.04051202908158302,0.6804685592651367,0.5070348978042603,-0.04611669108271599,0.7058650851249695,0.4844322204589844,-0.04960516467690468,0.5965461134910583,0.6181370615959167,-0.03263014182448387,0.6427046060562134,0.5955469608306885,-0.04147673770785332,0.6693457365036011,0.5820656418800354,-0.042781006544828415,0.6920435428619385,0.5697699785232544,-0.04237287864089012
0.599804162979126,0.652912437915802,2.771180334093515e-07,0.5918693542480469,0.578670084476471,-0.013205367140471935,0.59968101978302,0.5130833983421326,-0.025618571788072586,0.6110588312149048,0.45815062522888184,-0.03583797439932823,0.6262059807777405,0.4176349639892578,-0.04607946425676346,0.6823539733886719,0.5183266401290894,-0.028875377029180527,0.7237957119941711,0.4557499289512634,-0.04300503805279732,0.7487919926643372,0.42143088579177856,-0.05207444354891777,0.7708569169044495,0.39679068326950073,-0.05736693739891052,0.7061722278594971,0.5544548630714417,-0.030323779210448265,0.7638486623764038,0.5056872367858887,-0.03913092240691185,0.7981389164924622,0.4776581823825836,-0.04407563805580139,0.8244414329528809,0.4578513503074646,-0.0478176511824131,0.71711665391922,0.5941886901855469,-0.032372262328863144,0.7741808891296387,0.5535538792610168,-0.0421532578766346,0.8078930377960205,0.5304557085037231,-0.048145536333322525,0.8336777091026306,0.5116230845451355,-0.052164435386657715,0.7181157469749451,0.6327078342437744,-0.034882575273513794,0.7665032744407654,0.6150373816490173,-0.04438108950853348,0.7948623299598694,0.6064422130584717,-0.04654746130108833,0.8188015818595886,0.5983899235725403,-0.04684539884328842
0.6816737651824951,0.6180317997932434,2.5048549900930084e-07,0.6733675003051758,0.5431983470916748,-0.010337657295167446,0.683508574962616,0.4775148928165436,-0.019633788615465164,0.6983547210693359,0.42419102787971497,-0.026693634688854218,0.7138460278511047,0.38542261719703674,-0.03372280299663544,0.7681816220283508,0.4854930639266968,-0.025063300505280495,0.8117837905883789,0.4237203896045685,-0.03534078970551491,0.8368844389915466,0.39006781578063965,-0.04088010638952255,0.8579988479614258,0.36686086654663086,-0.04358423501253128,0.7912986874580383,0.5230180621147156,-0.02561640925705433,0.851499617099762,0.4766553044319153,-0.03085627779364586,0.8854942917823792,0.4498676061630249,-0.03211664408445358,0.9096271991729736,0.43234941363334656,-0.032937902957201004,0.8013240694999695,0.5628246068954468,-0.026460183784365654,0.8594017624855042,0.5249960422515869,-0.03276379778981209,0.8925594687461853,0.5029841661453247,-0.035766132175922394,0.9165401458740234,0.486078143119812,-0.03755573928356171,0.8011096715927124,0.6006683111190796,-0.02758799120783806,0.8491355776786804,0.5850867033004761,-0.033710137009620667,0.8770209550857544,0.5766945481300354,-0.033735491335392,0.9001539349555969,0.5694488883018494,-0.03243463858962059
0.6570597290992737,0.4268237352371216,2.670198568921478e-07,0.6481578350067139,0.3471580147743225,-0.007600920740514994,0.6636515259742737,0.28192493319511414,-0.013669151812791824,0.6857252717018127,0.23580875992774963,-0.017752351239323616,0.7026934027671814,0.20384976267814636,-0.022087978199124336,0.7478291988372803,0.2857614755630493,-0.02077251300215721,0.7940322756767273,0.23159641027450562,-0.028690561652183533,0.8196967244148254,0.2024940848350525,-0.032963741570711136,0.8399338126182556,0.18097814917564392,-0.03519953042268753,0.7681161165237427,0.32677438855171204,-0.02308891899883747,0.8302699327468872,0.2874355912208557,-0.02727355808019638,0.8646881580352783,0.26607680320739746,-0.028923029080033302,0.8899695873260498,0.25279700756073,-0.03019341453909874,0.7748032808303833,0.3698405623435974,-0.025671523064374924,0.8354127407073975,0.33859556913375854,-0.03301842510700226,0.8708776235580444,0.3204183876514435,-0.03802720084786415,0.898042619228363,0.30689460039138794,-0.041194137185811996,0.771526575088501,0.4100559949874878,-0.028137456625699997,0.8209456205368042,0.3990240693092346,-0.03551774471998215,0.8503171801567078,0.39281702041625977,-0.03714585304260254,0.8756694793701172,0.386694073677063,-0.037295982241630554
0.5211144685745239,0.45270445942878723,3.3234113061553217e-07,0.5094794034957886,0.3700389564037323,-0.007137860171496868,0.5218096971511841,0.3036385178565979,-0.013441833667457104,0.5385855436325073,0.25699281692504883,-0.018621088936924934,0.5554186701774597,0.22248035669326782,-0.02404879964888096,0.6070599555969238,0.29749971628189087,-0.013850349001586437,0.6541448831558228,0.2478964477777481,-0.022776255384087563,0.6818231344223022,0.2172563374042511,-0.029257651418447495,0.7034107446670532,0.19256864488124847,-0.033163830637931824,0.6293516755104065,0.33735278248786926,-0.01784956082701683,0.6915274858474731,0.3025434911251068,-0.022700611501932144,0.7286264300346375,0.2803787589073181,-0.026959460228681564,0.7568271160125732,0.26566997170448303,-0.029954753816127777,0.6379433274269104,0.3811209797859192,-0.02273917943239212,0.6988438963890076,0.35264596343040466,-0.03181867301464081,0.7350693941116333,0.33533188700675964,-0.039279066026210785,0.7633510828018188,0.3222880959510803,-0.043825339525938034,0.6350378394126892,0.4239751398563385,-0.02746516838669777,0.684781551361084,0.4159468412399292,-0.03680688142776489,0.7140099406242371,0.4117158055305481,-0.03913130983710289,0.7394849061965942,0.4084194004535675,-0.039382725954055786
0.407742977142334,0.45335233211517334,3.849220604479342e-07,0.3983106315135956,0.37678390741348267,-0.008543194271624088,0.4065206050872803,0.31621864438056946,-0.019559530541300774,0.41935211420059204,0.26876628398895264,-0.029256487265229225,0.43582457304000854,0.23293182253837585,-0.03991460055112839,0.48101136088371277,0.30788007378578186,-0.031109973788261414,0.5292341709136963,0.2517440617084503,-0.04667890816926956,0.5573552250862122,0.21823270618915558,-0.05545836314558983,0.5799521207809448,0.19194796681404114,-0.06027749925851822,0.5019294023513794,0.3431597948074341,-0.03609279915690422,0.5673009157180786,0.2988072633743286,-0.04709305986762047,0.6058051586151123,0.2740206718444824,-0.05246404558420181,0.6352101564407349,0.2573731541633606,-0.056031741201877594,0.5122418999671936,0.38522475957870483,-0.04097188264131546,0.5756991505622864,0.34783878922462463,-0.05313580855727196,0.6151124835014343,0.3296048939228058,-0.05923493951559067,0.6456469297409058,0.3167465329170227,-0.0627896785736084,0.5129866600036621,0.42871707677841187,-0.045718640089035034,0.5656395554542542,0.4107128381729126,-0.05684945359826088,0.596824586391449,0.40405169129371643,-0.05855663865804672,0.6227483153343201,0.399067223072052,-0.05822793021798134
0.2910567820072174,0.44871097803115845,3.2237960567726986e-07,0.28843390941619873,0.37650224566459656,-0.002003611996769905,0.30135899782180786,0.3161701261997223,-0.008998652920126915,0.31538125872612,0.27335017919540405,-0.016315964981913567,0.3340839743614197,0.24287551641464233,-0.024734077975153923,0.36701321601867676,0.30205029249191284,-0.02026742324233055,0.4126416742801666,0.24809062480926514,-0.03464873880147934,0.43855050206184387,0.21547436714172363,-0.043316833674907684,0.4584849774837494,0.18988478183746338,-0.04849680885672569,0.38611045479774475,0.33277633786201477,-0.029431236907839775,0.4484948217868805,0.28998100757598877,-0.04084623232483864,0.4871853291988373,0.26474398374557495,-0.0479794405400753,0.5176478624343872,0.24662593007087708,-0.052678849548101425,0.3956630527973175,0.37343916296958923,-0.03852487727999687,0.4579889476299286,0.3382229208946228,-0.05134838446974754,0.4974519610404968,0.31825384497642517,-0.05933303385972977,0.528904378414154,0.30241313576698303,-0.06433982402086258,0.3964729309082031,0.41912782192230225,-0.04699479416012764,0.44557666778564453,0.4034198820590973,-0.05871983990073204,0.47515174746513367,0.39502930641174316,-0.061481110751628876,0.5008081793785095,0.3875252306461334,-0.062108203768730164
0.18477201461791992,0.44698217511177063,2.554013178723835e-07,0.18889281153678894,0.3753260672092438,0.0020060634706169367,0.20789849758148193,0.31269389390945435,-0.002193596214056015,0.22520533204078674,0.268999308347702,-0.007437325548380613,0.24435922503471375,0.2366819679737091,-0.014104166999459267,0.26229581236839294,0.29774990677833557,-0.01619076356291771,0.30514347553253174,0.2377723753452301,-0.03153964877128601,0.32879579067230225,0.19959476590156555,-0.04102974385023117,0.3457023799419403,0.16888709366321564,-0.046683549880981445,0.280881404876709,0.3262082636356354,-0.027111370116472244,0.3435976803302765,0.28026247024536133,-0.03946081921458244,0.3818891942501068,0.25069358944892883,-0.04776861518621445,0.4118877351284027,0.2284911721944809,-0.05314861983060837,0.29040777683258057,0.3661487102508545,-0.03766750171780586,0.35331130027770996,0.32566025853157043,-0.05151436850428581,0.3929106891155243,0.3033229112625122,-0.06104403734207153,0.4249422252178192,0.28502383828163147,-0.06711462140083313,0.29183095693588257,0.4131127893924713,-0.04714573174715042,0.3402227461338043,0.39658868312835693,-0.06029508635401726,0.36932095885276794,0.38828620314598083,-0.06416748464107513,0.39500001072883606,0.3806873559951782,-0.06545162200927734
0.15852755308151245,0.4617616534233093,3.557572085810534e-07,0.16405737400054932,0.38800743222236633,0.0035116313956677914,0.18464034795761108,0.3242412805557251,-0.0011566673638299108,0.20685629546642303,0.2807084619998932,-0.006636622827500105,0.22484222054481506,0.2500302791595459,-0.013824710622429848,0.23351049423217773,0.31407010555267334,-0.023821106180548668,0.28404170274734497,0.2540060877799988,-0.039878975600004196,0.3140334188938141,0.22100336849689484,-0.047537561506032944,0.3367593288421631,0.19581912457942963,-0.05138186365365982,0.24875032901763916,0.3451840579509735,-0.03504204377532005,0.32028621435165405,0.29962584376335144,-0.048607781529426575,0.3630836009979248,0.27395695447921753,-0.054032742977142334,0.3953326344490051,0.25503432750701904,-0.05683150142431259,0.25635668635368347,0.38637012243270874,-0.04518735781311989,0.3245047330856323,0.3470522463321686,-0.05815549194812775,0.36475735902786255,0.3259575366973877,-0.06417255848646164,0.39623770117759705,0.3084261119365692,-0.06760331243276596,0.25742536783218384,0.43369060754776,-0.05409102886915207,0.30820396542549133,0.4089246094226837,-0.06501617282629013,0.33705246448516846,0.39461126923561096,-0.06654175370931625,0.36203694343566895,0.38102781772613525,-0.06639377027750015
0.4278433918952942,0.5235971212387085,3.4536319049038866e-07,0.4398778975009918,0.44684556126594543,-0.004731553606688976,0.43453046679496765,0.37483128905296326,-0.00915658101439476,0.422732412815094,0.3170667290687561,-0.01321672834455967,0.4198349416255951,0.27371746301651,-0.018149269744753838,0.351094126701355,0.36419686675071716,-0.009345303289592266,0.3165169358253479,0.3024900555610657,-0.014929604716598988,0.2963593900203705,0.26574867963790894,-0.020457668229937553,0.28043675422668457,0.23736914992332458,-0.025088714435696602,0.3246757388114929,0.3945368826389313,-0.012311623431742191,0.27414682507514954,0.3360525965690613,-0.01600703038275242,0.24427536129951477,0.30554109811782837,-0.021358121186494827,0.22324785590171814,0.2831897437572479,-0.02640622854232788,0.3099542558193207,0.4336813986301422,-0.01527119055390358,0.2583180069923401,0.384456604719162,-0.021109536290168762,0.22972193360328674,0.35741204023361206,-0.029167020693421364,0.2092672437429428,0.33715030550956726,-0.035917170345783234,0.304149329662323,0.47716498374938965,-0.017969079315662384,0.2586671710014343,0.4595353901386261,-0.026220062747597694,0.23080745339393616,0.45207321643829346,-0.03128058835864067,0.20748886466026306,0.4442076086997986,-0.03435083478689194
0.3532935678958893,0.5127701759338379,3.4420514793964685e-07,0.3689218759536743,0.440448522567749,-0.005544386804103851,0.363916277885437,0.3756456673145294,-0.009668655693531036,0.3498661518096924,0.32375025749206543,-0.013348732143640518,0.34181883931159973,0.2851485311985016,-0.01739531196653843,0.28109806776046753,0.36548998951911926,-0.00989038310945034,0.24424174427986145,0.30789563059806824,-0.01577986218035221,0.22405487298965454,0.27484267950057983,-0.020460419356822968,0.20813030004501343,0.24922886490821838,-0.024121632799506187,0.2548534572124481,0.39595434069633484,-0.012023680843412876,0.2043153941631317,0.3427959978580475,-0.017489850521087646,0.1742737889289856,0.31372401118278503,-0.02312670275568962,0.1523309201002121,0.2924921214580536,-0.027872234582901,0.2407541573047638,0.43359705805778503,-0.014298641122877598,0.19172202050685883,0.39327847957611084,-0.02124001830816269,0.16337677836418152,0.36859703063964844,-0.029626021161675453,0.14233264327049255,0.35053735971450806,-0.03589024394750595,0.23540274798870087,0.47349995374679565,-0.016397783532738686,0.19166415929794312,0.4586382210254669,-0.024411825463175774,0.16376721858978271,0.4518832862377167,-0.02981439046561718,0.1401912122964859,0.4452885389328003,-0.032991811633110046
0.29356032609939575,0.5162364840507507,3.202866309948149e-07,0.30639615654945374,0.4412984848022461,-0.0038625909946858883,0.3014998137950897,0.3755936026573181,-0.0077805109322071075,0.2858028709888458,0.3203112483024597,-0.01163993775844574,0.27440816164016724,0.2807603180408478,-0.015942059457302094,0.2199285626411438,0.3678274154663086,-0.007385025732219219,0.182083398103714,0.3103019595146179,-0.012652912177145481,0.16204388439655304,0.27727124094963074,-0.01722276583313942,0.14676883816719055,0.25155937671661377,-0.02081180177628994,0.19399571418762207,0.3982059359550476,-0.01008276455104351,0.14340347051620483,0.34600362181663513,-0.015268833376467228,0.11230768263339996,0.3176094591617584,-0.02145550400018692,0.08956165611743927,0.296711266040802,-0.026669731363654137,0.1805119812488556,0.4363577365875244,-0.012728867121040821,0.13008403778076172,0.39549049735069275,-0.01945459097623825,0.10058993101119995,0.372148334980011,-0.02784220688045025,0.0785253494977951,0.3547919690608978,-0.03428161144256592,0.17637045681476593,0.47683313488960266,-0.014993425458669662,0.1314062476158142,0.4628676176071167,-0.023216193541884422,0.1033899262547493,0.4566093981266022,-0.028645899146795273,0.07942721247673035,0.4501071572303772,-0.031823087483644485
